{
    "eval_type": "synthetic",
    "dataset": "data/king/",
    "metrics": {
        "train": {
            "rmse": 359452.81940415653,
            "r2": 0.9233984320094477,
            "score": -359452.81940415653
        },
        "val": {
            "rmse": 156743.09345107057,
            "r2": 0.7982338422088922,
            "score": -156743.09345107057
        },
        "test": {
            "rmse": 158758.46915523795,
            "r2": 0.7959576668792351,
            "score": -158758.46915523795
        }
    }
}
