{
    "eval_type": "synthetic",
    "dataset": "data/buddy/",
    "metrics": {
        "train": {
            "0": {
                "precision": 0.6019856814804809,
                "recall": 0.3882137723768457,
                "f1-score": 0.4720243611809877,
                "support": 22959
            },
            "1": {
                "precision": 0.4938844369464361,
                "recall": 0.7707931731628191,
                "f1-score": 0.6020233920276151,
                "support": 21269
            },
            "2": {
                "precision": 0.0,
                "recall": 0.0,
                "f1-score": 0.0,
                "support": 3772
            },
            "accuracy": 0.5272291666666666,
            "macro avg": {
                "precision": 0.36529003947563904,
                "recall": 0.3863356485132216,
                "f1-score": 0.35801591773620095,
                "support": 48000
            },
            "weighted avg": {
                "precision": 0.506779528135919,
                "recall": 0.5272291666666666,
                "f1-score": 0.4925342256956175,
                "support": 48000
            },
            "score": 0.5272291666666666
        },
        "val": {
            "0": {
                "precision": 0.5798031664527171,
                "recall": 0.9409722222222222,
                "f1-score": 0.7175006619009796,
                "support": 1440
            },
            "1": {
                "precision": 0.8257016248153619,
                "recall": 0.4181002243829469,
                "f1-score": 0.5551142005958292,
                "support": 1337
            },
            "2": {
                "precision": 0.0,
                "recall": 0.0,
                "f1-score": 0.0,
                "support": 237
            },
            "accuracy": 0.635036496350365,
            "macro avg": {
                "precision": 0.46850159708935973,
                "recall": 0.4530241488683897,
                "f1-score": 0.42420495416560294,
                "support": 3014
            },
            "weighted avg": {
                "precision": 0.6432911851592739,
                "recall": 0.635036496350365,
                "f1-score": 0.5890473255919157,
                "support": 3014
            },
            "score": 0.635036496350365
        },
        "test": {
            "0": {
                "precision": 0.5745837580699966,
                "recall": 0.9394444444444444,
                "f1-score": 0.7130508117225386,
                "support": 1800
            },
            "1": {
                "precision": 0.8276699029126213,
                "recall": 0.40789473684210525,
                "f1-score": 0.5464743589743589,
                "support": 1672
            },
            "2": {
                "precision": 0.0,
                "recall": 0.0,
                "f1-score": 0.0,
                "support": 295
            },
            "accuracy": 0.6299442527209982,
            "macro avg": {
                "precision": 0.467417886994206,
                "recall": 0.44911306042884985,
                "f1-score": 0.4198417235656325,
                "support": 3767
            },
            "weighted avg": {
                "precision": 0.6419205846020433,
                "recall": 0.6299442527209982,
                "f1-score": 0.5832749108855051,
                "support": 3767
            },
            "score": 0.6299442527209982
        }
    }
}
