{
    "eval_type": "synthetic",
    "dataset": "data/adult/",
    "metrics": {
        "train": {
            "0": {
                "precision": 0.8951078717201166,
                "recall": 0.9367338097010599,
                "f1-score": 0.9154478962606483,
                "support": 163879
            },
            "1": {
                "precision": 0.7670112359550562,
                "recall": 0.6548608046660656,
                "f1-score": 0.7065130768673478,
                "support": 52121
            },
            "accuracy": 0.8687175925925926,
            "macro avg": {
                "precision": 0.8310595538375865,
                "recall": 0.7957973071835627,
                "f1-score": 0.810980486563998,
                "support": 216000
            },
            "weighted avg": {
                "precision": 0.8641980349020115,
                "recall": 0.8687175925925926,
                "f1-score": 0.8650317308828787,
                "support": 216000
            },
            "roc_auc": 0.9254946180936091,
            "score": 0.8687175925925926
        },
        "val": {
            "0": {
                "precision": 0.8890175641767999,
                "recall": 0.9314459049544995,
                "f1-score": 0.9097373098953191,
                "support": 4945
            },
            "1": {
                "precision": 0.7454954954954955,
                "recall": 0.6332908163265306,
                "f1-score": 0.6848275862068965,
                "support": 1568
            },
            "accuracy": 0.8596652848149854,
            "macro avg": {
                "precision": 0.8172565298361477,
                "recall": 0.7823683606405151,
                "f1-score": 0.7972824480511078,
                "support": 6513
            },
            "weighted avg": {
                "precision": 0.8544647308139433,
                "recall": 0.8596652848149854,
                "f1-score": 0.855590457946379,
                "support": 6513
            },
            "roc_auc": 0.9163694130331608,
            "score": 0.8596652848149854
        },
        "test": {
            "0": {
                "precision": 0.8909635776855694,
                "recall": 0.9324487334137516,
                "f1-score": 0.9112342331722268,
                "support": 12435
            },
            "1": {
                "precision": 0.7428833792470156,
                "recall": 0.6310452418096724,
                "f1-score": 0.6824124841838887,
                "support": 3846
            },
            "accuracy": 0.861249309010503,
            "macro avg": {
                "precision": 0.8169234784662925,
                "recall": 0.781746987611712,
                "f1-score": 0.7968233586780578,
                "support": 16281
            },
            "weighted avg": {
                "precision": 0.8559831438550507,
                "recall": 0.861249309010503,
                "f1-score": 0.8571805235346647,
                "support": 16281
            },
            "roc_auc": 0.9132203736078675,
            "score": 0.861249309010503
        }
    }
}
