{
    "eval_type": "synthetic",
    "dataset": "data/wilt/",
    "metrics": {
        "train": {
            "0": {
                "precision": 0.9972327472433905,
                "recall": 0.9994879672299027,
                "f1-score": 0.998359083644113,
                "support": 23436
            },
            "1": {
                "precision": 0.9908466819221968,
                "recall": 0.9523460410557185,
                "f1-score": 0.971214953271028,
                "support": 1364
            },
            "accuracy": 0.9968951612903226,
            "macro avg": {
                "precision": 0.9940397145827937,
                "recall": 0.9759170041428107,
                "f1-score": 0.9847870184575704,
                "support": 24800
            },
            "weighted avg": {
                "precision": 0.9968815136507249,
                "recall": 0.9968951612903226,
                "f1-score": 0.9968661564735933,
                "support": 24800
            },
            "roc_auc": 0.9997462046759653,
            "score": 0.9968951612903226
        },
        "val": {
            "0": {
                "precision": 0.997275204359673,
                "recall": 0.9986357435197817,
                "f1-score": 0.9979550102249488,
                "support": 733
            },
            "1": {
                "precision": 0.975609756097561,
                "recall": 0.9523809523809523,
                "f1-score": 0.963855421686747,
                "support": 42
            },
            "accuracy": 0.9961290322580645,
            "macro avg": {
                "precision": 0.9864424802286169,
                "recall": 0.975508347950367,
                "f1-score": 0.9809052159558479,
                "support": 775
            },
            "weighted avg": {
                "precision": 0.9961010768409522,
                "recall": 0.9961290322580645,
                "f1-score": 0.9961070325235236,
                "support": 775
            },
            "roc_auc": 0.999415318651335,
            "score": 0.9961290322580645
        },
        "test": {
            "0": {
                "precision": 0.9901531728665208,
                "recall": 0.9879912663755459,
                "f1-score": 0.9890710382513662,
                "support": 916
            },
            "1": {
                "precision": 0.7962962962962963,
                "recall": 0.8269230769230769,
                "f1-score": 0.8113207547169811,
                "support": 52
            },
            "accuracy": 0.9793388429752066,
            "macro avg": {
                "precision": 0.8932247345814086,
                "recall": 0.9074571716493114,
                "f1-score": 0.9001958964841736,
                "support": 968
            },
            "weighted avg": {
                "precision": 0.979739373711922,
                "recall": 0.9793388429752066,
                "f1-score": 0.9795224693011719,
                "support": 968
            },
            "roc_auc": 0.9918542156533423,
            "score": 0.9793388429752066
        }
    }
}
