{
    "eval_type": "synthetic",
    "dataset": "data/wilt/",
    "metrics": {
        "train": {
            "0": {
                "precision": 0.9987213366294434,
                "recall": 0.9998293224099676,
                "f1-score": 0.9992750223890144,
                "support": 23436
            },
            "1": {
                "precision": 0.9970104633781763,
                "recall": 0.9780058651026393,
                "f1-score": 0.9874167283493709,
                "support": 1364
            },
            "accuracy": 0.9986290322580645,
            "macro avg": {
                "precision": 0.9978659000038099,
                "recall": 0.9889175937563035,
                "f1-score": 0.9933458753691926,
                "support": 24800
            },
            "weighted avg": {
                "precision": 0.9986272386006237,
                "recall": 0.9986290322580645,
                "f1-score": 0.998622816216834,
                "support": 24800
            },
            "roc_auc": 0.9999628832550269,
            "score": 0.9986290322580645
        },
        "val": {
            "0": {
                "precision": 1.0,
                "recall": 0.9945429740791268,
                "f1-score": 0.9972640218878249,
                "support": 733
            },
            "1": {
                "precision": 0.9130434782608695,
                "recall": 1.0,
                "f1-score": 0.9545454545454545,
                "support": 42
            },
            "accuracy": 0.9948387096774194,
            "macro avg": {
                "precision": 0.9565217391304348,
                "recall": 0.9972714870395634,
                "f1-score": 0.9759047382166397,
                "support": 775
            },
            "weighted avg": {
                "precision": 0.9952875175315568,
                "recall": 0.9948387096774194,
                "f1-score": 0.9949489511415287,
                "support": 775
            },
            "roc_auc": 0.999350354057039,
            "score": 0.9948387096774194
        },
        "test": {
            "0": {
                "precision": 0.9901531728665208,
                "recall": 0.9879912663755459,
                "f1-score": 0.9890710382513662,
                "support": 916
            },
            "1": {
                "precision": 0.7962962962962963,
                "recall": 0.8269230769230769,
                "f1-score": 0.8113207547169811,
                "support": 52
            },
            "accuracy": 0.9793388429752066,
            "macro avg": {
                "precision": 0.8932247345814086,
                "recall": 0.9074571716493114,
                "f1-score": 0.9001958964841736,
                "support": 968
            },
            "weighted avg": {
                "precision": 0.979739373711922,
                "recall": 0.9793388429752066,
                "f1-score": 0.9795224693011719,
                "support": 968
            },
            "roc_auc": 0.9923160900235135,
            "score": 0.9793388429752066
        }
    }
}
