{
    "eval_type": "synthetic",
    "dataset": "data/california/",
    "metrics": {
        "train": {
            "rmse": 0.2635573182796372,
            "r2": 0.947396400393757,
            "score": -0.2635573182796372
        },
        "val": {
            "rmse": 0.4649528081887969,
            "r2": 0.834200362187515,
            "score": -0.4649528081887969
        },
        "test": {
            "rmse": 0.45850551280123364,
            "r2": 0.8387771481463134,
            "score": -0.45850551280123364
        }
    }
}
