{
    "eval_type": "synthetic",
    "dataset": "data/buddy/",
    "metrics": {
        "train": {
            "0": {
                "precision": 0.9164671210167619,
                "recall": 0.9238267650745021,
                "f1-score": 0.9201322268198526,
                "support": 21543
            },
            "1": {
                "precision": 0.9105012454660665,
                "recall": 0.9046895353886235,
                "f1-score": 0.9075860867292487,
                "support": 23030
            },
            "2": {
                "precision": 0.8844457512496324,
                "recall": 0.8777356288298803,
                "f1-score": 0.8810779144698301,
                "support": 3427
            },
            "accuracy": 0.9113541666666667,
            "macro avg": {
                "precision": 0.9038047059108202,
                "recall": 0.902083976431002,
                "f1-score": 0.9029320760063104,
                "support": 48000
            },
            "weighted avg": {
                "precision": 0.9113185512641688,
                "recall": 0.9113541666666667,
                "f1-score": 0.9113243781800581,
                "support": 48000
            },
            "score": 0.9113541666666667
        },
        "val": {
            "0": {
                "precision": 0.9004149377593361,
                "recall": 0.9041666666666667,
                "f1-score": 0.9022869022869022,
                "support": 1440
            },
            "1": {
                "precision": 0.8751846381093058,
                "recall": 0.8863126402393419,
                "f1-score": 0.8807134894091416,
                "support": 1337
            },
            "2": {
                "precision": 0.9626168224299065,
                "recall": 0.869198312236287,
                "f1-score": 0.9135254988913526,
                "support": 237
            },
            "accuracy": 0.8934970139349702,
            "macro avg": {
                "precision": 0.9127387994328494,
                "recall": 0.8865592063807651,
                "f1-score": 0.8988419635291321,
                "support": 3014
            },
            "weighted avg": {
                "precision": 0.8941139875386445,
                "recall": 0.8934970139349702,
                "f1-score": 0.893600735856142,
                "support": 3014
            },
            "score": 0.8934970139349702
        },
        "test": {
            "0": {
                "precision": 0.8952590959206174,
                "recall": 0.9022222222222223,
                "f1-score": 0.8987271721084671,
                "support": 1800
            },
            "1": {
                "precision": 0.8754469606674613,
                "recall": 0.8785885167464115,
                "f1-score": 0.8770149253731342,
                "support": 1672
            },
            "2": {
                "precision": 0.9490909090909091,
                "recall": 0.8847457627118644,
                "f1-score": 0.9157894736842105,
                "support": 295
            },
            "accuracy": 0.8903636846296787,
            "macro avg": {
                "precision": 0.9065989885596627,
                "recall": 0.8885188338934994,
                "f1-score": 0.897177190388604,
                "support": 3767
            },
            "weighted avg": {
                "precision": 0.8906810483341983,
                "recall": 0.8903636846296787,
                "f1-score": 0.8904262701767888,
                "support": 3767
            },
            "score": 0.8903636846296787
        }
    }
}
