{
    "eval_type": "synthetic",
    "dataset": "data/fb-comments/",
    "metrics": {
        "train": {
            "rmse": 9.306560766333678,
            "r2": 0.9459357734263439,
            "score": -9.306560766333678
        },
        "val": {
            "rmse": 6.731588259352774,
            "r2": 0.7266020240074362,
            "score": -6.731588259352774
        },
        "test": {
            "rmse": 6.934145197382633,
            "r2": 0.7219249215746308,
            "score": -6.934145197382633
        }
    }
}
