{
    "eval_type": "synthetic",
    "dataset": "data/insurance/",
    "metrics": {
        "train": {
            "rmse": 4910.9962093494105,
            "r2": 0.6457002213371117,
            "score": -4910.9962093494105
        },
        "val": {
            "rmse": 7235.595336353547,
            "r2": 0.610379598125864,
            "score": -7235.595336353547
        },
        "test": {
            "rmse": 6825.159857367484,
            "r2": 0.616133222160848,
            "score": -6825.159857367484
        }
    }
}
