{
    "eval_type": "synthetic",
    "dataset": "data/wilt/",
    "metrics": {
        "train": {
            "0": {
                "precision": 0.9979114274753846,
                "recall": 0.999146466370775,
                "f1-score": 0.998528565031028,
                "support": 23432
            },
            "1": {
                "precision": 0.9846977811782709,
                "recall": 0.9633233532934131,
                "f1-score": 0.9738933030646992,
                "support": 1336
            },
            "accuracy": 0.9972141472868217,
            "macro avg": {
                "precision": 0.9913046043268278,
                "recall": 0.981234909832094,
                "f1-score": 0.9862109340478636,
                "support": 24768
            },
            "weighted avg": {
                "precision": 0.9971986758824848,
                "recall": 0.9972141472868217,
                "f1-score": 0.9971997249960226,
                "support": 24768
            },
            "roc_auc": 0.9996829435614943,
            "score": 0.9972141472868217
        },
        "val": {
            "0": {
                "precision": 0.9945578231292517,
                "recall": 0.9972714870395635,
                "f1-score": 0.9959128065395095,
                "support": 733
            },
            "1": {
                "precision": 0.95,
                "recall": 0.9047619047619048,
                "f1-score": 0.9268292682926829,
                "support": 42
            },
            "accuracy": 0.9922580645161291,
            "macro avg": {
                "precision": 0.9722789115646258,
                "recall": 0.9510166959007341,
                "f1-score": 0.9613710374160962,
                "support": 775
            },
            "weighted avg": {
                "precision": 0.9921430765854728,
                "recall": 0.9922580645161291,
                "f1-score": 0.9921689244667782,
                "support": 775
            },
            "roc_auc": 0.997044110959527,
            "score": 0.9922580645161291
        },
        "test": {
            "0": {
                "precision": 0.9901960784313726,
                "recall": 0.99235807860262,
                "f1-score": 0.9912758996728462,
                "support": 916
            },
            "1": {
                "precision": 0.86,
                "recall": 0.8269230769230769,
                "f1-score": 0.8431372549019608,
                "support": 52
            },
            "accuracy": 0.9834710743801653,
            "macro avg": {
                "precision": 0.9250980392156862,
                "recall": 0.9096405777628485,
                "f1-score": 0.9172065772874035,
                "support": 968
            },
            "weighted avg": {
                "precision": 0.983202074218117,
                "recall": 0.9834710743801653,
                "f1-score": 0.9833180385901128,
                "support": 968
            },
            "roc_auc": 0.9914343298622774,
            "score": 0.9834710743801653
        }
    }
}
