{
    "eval_type": "synthetic",
    "dataset": "data/king/",
    "metrics": {
        "train": {
            "rmse": 733888.7163076492,
            "r2": 0.9063442455639442,
            "score": -733888.7163076492
        },
        "val": {
            "rmse": 169917.07564357828,
            "r2": 0.7628923606981064,
            "score": -169917.07564357828
        },
        "test": {
            "rmse": 170145.78933412695,
            "r2": 0.7656370869045565,
            "score": -170145.78933412695
        }
    }
}
