{
    "eval_type": "synthetic",
    "dataset": "data/diabetes/",
    "metrics": {
        "train": {
            "0": {
                "precision": 0.7974358974358975,
                "recall": 0.948170731707317,
                "f1-score": 0.8662952646239555,
                "support": 328.0
            },
            "1": {
                "precision": 0.8454545454545455,
                "recall": 0.5406976744186046,
                "f1-score": 0.6595744680851063,
                "support": 172.0
            },
            "accuracy": 0.808,
            "macro avg": {
                "precision": 0.8214452214452215,
                "recall": 0.7444342030629608,
                "f1-score": 0.7629348663545309,
                "support": 500.0
            },
            "weighted avg": {
                "precision": 0.8139543123543124,
                "recall": 0.808,
                "f1-score": 0.7951833106145912,
                "support": 500.0
            },
            "roc_auc": 0.8593838627339763,
            "score": 0.808
        },
        "val": {
            "0": {
                "precision": 0.7840909090909091,
                "recall": 0.8625,
                "f1-score": 0.8214285714285714,
                "support": 80.0
            },
            "1": {
                "precision": 0.6857142857142857,
                "recall": 0.5581395348837209,
                "f1-score": 0.6153846153846154,
                "support": 43.0
            },
            "accuracy": 0.7560975609756098,
            "macro avg": {
                "precision": 0.7349025974025973,
                "recall": 0.7103197674418604,
                "f1-score": 0.7184065934065934,
                "support": 123.0
            },
            "weighted avg": {
                "precision": 0.7496990814063985,
                "recall": 0.7560975609756098,
                "f1-score": 0.7493969445188957,
                "support": 123.0
            },
            "roc_auc": 0.7520348837209302,
            "score": 0.7560975609756098
        },
        "test": {
            "0": {
                "precision": 0.8301886792452831,
                "recall": 0.88,
                "f1-score": 0.8543689320388349,
                "support": 100.0
            },
            "1": {
                "precision": 0.75,
                "recall": 0.6666666666666666,
                "f1-score": 0.7058823529411765,
                "support": 54.0
            },
            "accuracy": 0.8051948051948052,
            "macro avg": {
                "precision": 0.7900943396226415,
                "recall": 0.7733333333333333,
                "f1-score": 0.7801256424900057,
                "support": 154.0
            },
            "weighted avg": {
                "precision": 0.8020705709384955,
                "recall": 0.8051948051948052,
                "f1-score": 0.8023022094980975,
                "support": 154.0
            },
            "roc_auc": 0.8594444444444445,
            "score": 0.8051948051948052
        }
    }
}
