{
    "eval_type": "synthetic",
    "dataset": "data/abalone/",
    "metrics": {
        "train": {
            "rmse": 2.9406325608627344,
            "r2": 0.8120261260368252,
            "score": -2.9406325608627344
        },
        "val": {
            "rmse": 2.3311355425795455,
            "r2": 0.44322439337934916,
            "score": -2.3311355425795455
        },
        "test": {
            "rmse": 2.263474104090214,
            "r2": 0.43693446407696024,
            "score": -2.263474104090214
        }
    }
}
