{
    "eval_type": "synthetic",
    "dataset": "data/king/",
    "metrics": {
        "train": {
            "rmse": 1363457.4944590842,
            "r2": 0.7604619566759525,
            "score": -1363457.4944590842
        },
        "val": {
            "rmse": 204653.3599353674,
            "r2": 0.6560389588789601,
            "score": -204653.3599353674
        },
        "test": {
            "rmse": 202255.61994010687,
            "r2": 0.6688325289721784,
            "score": -202255.61994010687
        }
    }
}
