{
    "eval_type": "synthetic",
    "dataset": "data/buddy/",
    "metrics": {
        "train": {
            "0": {
                "precision": 0.7230005320092215,
                "recall": 0.7103096824774598,
                "f1-score": 0.7165989234318356,
                "support": 22959
            },
            "1": {
                "precision": 0.6616716616716617,
                "recall": 0.7473788142366825,
                "f1-score": 0.7019186187711125,
                "support": 21269
            },
            "2": {
                "precision": 0.8633802816901408,
                "recall": 0.32502651113467657,
                "f1-score": 0.47226502311248075,
                "support": 3772
            },
            "accuracy": 0.6964583333333333,
            "macro avg": {
                "precision": 0.7493508251236746,
                "recall": 0.5942383359496063,
                "f1-score": 0.630260855105143,
                "support": 48000
            },
            "weighted avg": {
                "precision": 0.7068569626881146,
                "recall": 0.6964583333333333,
                "f1-score": 0.6908934469353037,
                "support": 48000
            },
            "score": 0.6964583333333333
        },
        "val": {
            "0": {
                "precision": 0.9047949965253649,
                "recall": 0.9041666666666667,
                "f1-score": 0.904480722473081,
                "support": 1440
            },
            "1": {
                "precision": 0.8717008797653959,
                "recall": 0.8893044128646223,
                "f1-score": 0.8804146612365791,
                "support": 1337
            },
            "2": {
                "precision": 0.9478672985781991,
                "recall": 0.8438818565400844,
                "f1-score": 0.8928571428571429,
                "support": 237
            },
            "accuracy": 0.8928334439283344,
            "macro avg": {
                "precision": 0.9081210582896532,
                "recall": 0.8791176453571244,
                "f1-score": 0.8925841755222677,
                "support": 3014
            },
            "weighted avg": {
                "precision": 0.8935014668234549,
                "recall": 0.8928334439283344,
                "f1-score": 0.8928911032819129,
                "support": 3014
            },
            "score": 0.8928334439283344
        },
        "test": {
            "0": {
                "precision": 0.897982062780269,
                "recall": 0.89,
                "f1-score": 0.8939732142857143,
                "support": 1800
            },
            "1": {
                "precision": 0.8641176470588235,
                "recall": 0.8785885167464115,
                "f1-score": 0.8712930011862396,
                "support": 1672
            },
            "2": {
                "precision": 0.9045936395759717,
                "recall": 0.8677966101694915,
                "f1-score": 0.8858131487889274,
                "support": 295
            },
            "accuracy": 0.8831961773294399,
            "macro avg": {
                "precision": 0.8888977831383548,
                "recall": 0.8787950423053009,
                "f1-score": 0.8836931214202938,
                "support": 3767
            },
            "weighted avg": {
                "precision": 0.8834689521002785,
                "recall": 0.8831961773294399,
                "f1-score": 0.8832674708230455,
                "support": 3767
            },
            "score": 0.8831961773294399
        }
    }
}
