{
    "eval_type": "synthetic",
    "dataset": "data/insurance/",
    "metrics": {
        "train": {
            "rmse": 3169.4201142665725,
            "r2": 0.9321507674799476,
            "score": -3169.4201142665725
        },
        "val": {
            "rmse": 4876.783328493544,
            "r2": 0.8230053778006108,
            "score": -4876.783328493544
        },
        "test": {
            "rmse": 4788.955560431105,
            "r2": 0.8110110180016048,
            "score": -4788.955560431105
        }
    }
}
