{
    "eval_type": "synthetic",
    "dataset": "data/higgs-small/",
    "metrics": {
        "train": {
            "0": {
                "precision": 0.8925431455551938,
                "recall": 0.8801053172360648,
                "f1-score": 0.8862805962427652,
                "support": 15572
            },
            "1": {
                "precision": 0.8843604831217096,
                "recall": 0.8964088397790055,
                "f1-score": 0.8903439029713467,
                "support": 15928
            },
            "accuracy": 0.8883492063492063,
            "macro avg": {
                "precision": 0.8884518143384517,
                "recall": 0.8882570785075352,
                "f1-score": 0.8883122496070559,
                "support": 31500
            },
            "weighted avg": {
                "precision": 0.888405575801526,
                "recall": 0.8883492063492063,
                "f1-score": 0.888335210514919,
                "support": 31500
            },
            "roc_auc": 0.961796646268341,
            "score": 0.8883492063492063
        },
        "val": {
            "0": {
                "precision": 0.6058004942125114,
                "recall": 0.6297998918334234,
                "f1-score": 0.6175671196552868,
                "support": 7396
            },
            "1": {
                "precision": 0.6577072134016753,
                "recall": 0.6344669561022672,
                "f1-score": 0.6458780921981462,
                "support": 8292
            },
            "accuracy": 0.6322667006629271,
            "macro avg": {
                "precision": 0.6317538538070933,
                "recall": 0.6321334239678453,
                "f1-score": 0.6317226059267165,
                "support": 15688
            },
            "weighted avg": {
                "precision": 0.6332361466549226,
                "recall": 0.6322667006629271,
                "f1-score": 0.6325310783705717,
                "support": 15688
            },
            "roc_auc": 0.6837270840654666,
            "score": 0.6322667006629271
        },
        "test": {
            "0": {
                "precision": 0.5987870065789473,
                "recall": 0.6300703082747431,
                "f1-score": 0.6140304643440679,
                "support": 9245
            },
            "1": {
                "precision": 0.6539162112932605,
                "recall": 0.6234442836468885,
                "f1-score": 0.6383167876722476,
                "support": 10365
            },
            "accuracy": 0.6265680775114737,
            "macro avg": {
                "precision": 0.6263516089361039,
                "recall": 0.6267572959608159,
                "f1-score": 0.6261736260081578,
                "support": 19610
            },
            "weighted avg": {
                "precision": 0.6279259258478844,
                "recall": 0.6265680775114737,
                "f1-score": 0.626867167112889,
                "support": 19610
            },
            "roc_auc": 0.6787310124741162,
            "score": 0.6265680775114737
        }
    }
}
