{"ddpm_cb_best": 0.1588558554585877, "ctabgan-plus": 0.2094033598466889, "tvae": 0.2207459518559945, "smote": 0.0766148862086633}