{"ddpm_cb_best": 0.20704152869728681, "ctabgan-plus": 0.19191271958369466, "tvae": 0.1443640317858667, "smote": 0.06821187483334207}