{"ddpm_cb_best": 0.1586595449927229, "ctabgan-plus": 0.5835228673032329, "tvae": 0.2040115434989156, "smote": 0.0266786918451964}