{"ddpm_cb_best": 0.0583613364552603, "ctabgan-plus": 0.13455012089588542, "tvae": 0.1420789800400801, "smote": 0.023268134481997722}