{"ddpm_cb_best": 0.463409785265601, "ctabgan-plus": 0.5293316386696767, "tvae": 0.44923849516067627, "smote": 0.1867567417292283}