{"ddpm_cb_best": 0.08634340662581608, "ctabgan-plus": 0.11141457372406417, "tvae": 0.10491327769890657, "smote": 0.05588881655274794}