{"ddpm_cb_best": 0.03978816747218297, "ctabgan-plus": 0.10404526431856895, "tvae": 0.1160476569273145, "smote": 0.030472555322331316}