{"ddpm_cb_best": 0.01641618555244522, "ctabgan-plus": 0.017300981227096633, "tvae": 0.01604993111061884, "smote": 0.007275902056510384}