{
    "eval_type": "synthetic",
    "dataset": "data/king/",
    "metrics": {
        "train": {
            "rmse": 584485.6464004284,
            "r2": 0.9040962355808444,
            "score": -584485.6464004284
        },
        "val": {
            "rmse": 156875.7783158574,
            "r2": 0.7978921027945242,
            "score": -156875.7783158574
        },
        "test": {
            "rmse": 152315.1151649196,
            "r2": 0.8121840453249201,
            "score": -152315.1151649196
        }
    }
}
