{
    "eval_type": "synthetic",
    "dataset": "data/buddy/",
    "metrics": {
        "train": {
            "0": {
                "precision": 0.7354510268837826,
                "recall": 0.9186811272267956,
                "f1-score": 0.8169177737325226,
                "support": 22959
            },
            "1": {
                "precision": 0.8614771862004335,
                "recall": 0.6915228736658987,
                "f1-score": 0.7672004590266548,
                "support": 21269
            },
            "2": {
                "precision": 0.8883451957295374,
                "recall": 0.5294273594909862,
                "f1-score": 0.6634551495016611,
                "support": 3772
            },
            "accuracy": 0.7874375,
            "macro avg": {
                "precision": 0.8284244696045846,
                "recall": 0.7132104534612269,
                "f1-score": 0.7491911274202795,
                "support": 48000
            },
            "weighted avg": {
                "precision": 0.8033086766211168,
                "recall": 0.7874375,
                "f1-score": 0.7828282198767329,
                "support": 48000
            },
            "score": 0.7874375
        },
        "val": {
            "0": {
                "precision": 0.8984321745057942,
                "recall": 0.9152777777777777,
                "f1-score": 0.9067767457860337,
                "support": 1440
            },
            "1": {
                "precision": 0.8849624060150376,
                "recall": 0.8803290949887809,
                "f1-score": 0.8826396700412449,
                "support": 1337
            },
            "2": {
                "precision": 0.9493087557603687,
                "recall": 0.869198312236287,
                "f1-score": 0.9074889867841409,
                "support": 237
            },
            "accuracy": 0.8961512939615129,
            "macro avg": {
                "precision": 0.9109011120937335,
                "recall": 0.8882683950009485,
                "f1-score": 0.8989684675371398,
                "support": 3014
            },
            "weighted avg": {
                "precision": 0.8964576122248362,
                "recall": 0.8961512939615129,
                "f1-score": 0.8961256279511858,
                "support": 3014
            },
            "score": 0.8961512939615129
        },
        "test": {
            "0": {
                "precision": 0.8994505494505495,
                "recall": 0.9094444444444445,
                "f1-score": 0.9044198895027625,
                "support": 1800
            },
            "1": {
                "precision": 0.8804542737597131,
                "recall": 0.8809808612440191,
                "f1-score": 0.8807174887892375,
                "support": 1672
            },
            "2": {
                "precision": 0.9343065693430657,
                "recall": 0.8677966101694915,
                "f1-score": 0.8998242530755711,
                "support": 295
            },
            "accuracy": 0.8935492434297849,
            "macro avg": {
                "precision": 0.9047371308511094,
                "recall": 0.8860739719526517,
                "f1-score": 0.894987210455857,
                "support": 3767
            },
            "weighted avg": {
                "precision": 0.8937485990691355,
                "recall": 0.8935492434297849,
                "f1-score": 0.8935395797764457,
                "support": 3767
            },
            "score": 0.8935492434297849
        }
    }
}
