{
    "eval_type": "synthetic",
    "dataset": "data/cardio/",
    "metrics": {
        "train": {
            "0": {
                "precision": 0.7053131048261222,
                "recall": 0.7683640155980774,
                "f1-score": 0.7354897514078927,
                "support": 44108
            },
            "1": {
                "precision": 0.7564423466590383,
                "recall": 0.6914494901072082,
                "f1-score": 0.7224872212292666,
                "support": 45892
            },
            "accuracy": 0.7291444444444445,
            "macro avg": {
                "precision": 0.7308777257425803,
                "recall": 0.7299067528526428,
                "f1-score": 0.7289884863185796,
                "support": 90000
            },
            "weighted avg": {
                "precision": 0.7313844733394133,
                "recall": 0.7291444444444445,
                "f1-score": 0.7288596167972538,
                "support": 90000
            },
            "roc_auc": 0.8030096436370839,
            "score": 0.7291444444444445
        },
        "val": {
            "0": {
                "precision": 0.7083867658373942,
                "recall": 0.7917443027089007,
                "f1-score": 0.7477495769881556,
                "support": 6977
            },
            "1": {
                "precision": 0.7657207352466946,
                "recall": 0.6762067492524562,
                "f1-score": 0.7181852551984877,
                "support": 7023
            },
            "accuracy": 0.7337857142857143,
            "macro avg": {
                "precision": 0.7370537505420445,
                "recall": 0.7339755259806784,
                "f1-score": 0.7329674160933217,
                "support": 14000
            },
            "weighted avg": {
                "precision": 0.7371479420632168,
                "recall": 0.7337857142857143,
                "f1-score": 0.7329188461360957,
                "support": 14000
            },
            "roc_auc": 0.7979390940771586,
            "score": 0.7337857142857143
        },
        "test": {
            "0": {
                "precision": 0.7081538216052338,
                "recall": 0.7957683342298727,
                "f1-score": 0.7494089834515366,
                "support": 5577
            },
            "1": {
                "precision": 0.7691060206770728,
                "recall": 0.6747287924595412,
                "f1-score": 0.7188328912466844,
                "support": 5623
            },
            "accuracy": 0.735,
            "macro avg": {
                "precision": 0.7386299211411533,
                "recall": 0.735248563344707,
                "f1-score": 0.7341209373491104,
                "support": 11200
            },
            "weighted avg": {
                "precision": 0.7387550908356759,
                "recall": 0.735,
                "f1-score": 0.7340581471597611,
                "support": 11200
            },
            "roc_auc": 0.801327436295083,
            "score": 0.735
        }
    }
}
