{
    "eval_type": "synthetic",
    "dataset": "data/wilt/",
    "metrics": {
        "train": {
            "0": {
                "precision": 0.9990194824572622,
                "recall": 0.9999146612049837,
                "f1-score": 0.9994668713880537,
                "support": 23436
            },
            "1": {
                "precision": 0.9985107967237528,
                "recall": 0.9831378299120235,
                "f1-score": 0.990764684152198,
                "support": 1364
            },
            "accuracy": 0.998991935483871,
            "macro avg": {
                "precision": 0.9987651395905075,
                "recall": 0.9915262455585037,
                "f1-score": 0.9951157777701258,
                "support": 24800
            },
            "weighted avg": {
                "precision": 0.9989915047419192,
                "recall": 0.998991935483871,
                "f1-score": 0.9989882510900816,
                "support": 24800
            },
            "roc_auc": 0.9999715328799617,
            "score": 0.998991935483871
        },
        "val": {
            "0": {
                "precision": 0.9972677595628415,
                "recall": 0.9959072305593452,
                "f1-score": 0.9965870307167236,
                "support": 733
            },
            "1": {
                "precision": 0.9302325581395349,
                "recall": 0.9523809523809523,
                "f1-score": 0.9411764705882352,
                "support": 42
            },
            "accuracy": 0.9935483870967742,
            "macro avg": {
                "precision": 0.9637501588511882,
                "recall": 0.9741440914701487,
                "f1-score": 0.9688817506524794,
                "support": 775
            },
            "weighted avg": {
                "precision": 0.9936348841308688,
                "recall": 0.9935483870967742,
                "f1-score": 0.9935841358452443,
                "support": 775
            },
            "roc_auc": 0.9991229779770024,
            "score": 0.9935483870967742
        },
        "test": {
            "0": {
                "precision": 0.9944873208379272,
                "recall": 0.9847161572052402,
                "f1-score": 0.9895776193088317,
                "support": 916
            },
            "1": {
                "precision": 0.7704918032786885,
                "recall": 0.9038461538461539,
                "f1-score": 0.8318584070796459,
                "support": 52
            },
            "accuracy": 0.9803719008264463,
            "macro avg": {
                "precision": 0.8824895620583079,
                "recall": 0.944281155525697,
                "f1-score": 0.9107180131942387,
                "support": 968
            },
            "weighted avg": {
                "precision": 0.9824545037789598,
                "recall": 0.9803719008264463,
                "f1-score": 0.9811050996436275,
                "support": 968
            },
            "roc_auc": 0.9928829358414512,
            "score": 0.9803719008264463
        }
    }
}
