{
    "eval_type": "synthetic",
    "dataset": "data/diabetes/",
    "metrics": {
        "train": {
            "0": {
                "precision": 0.7420965058236273,
                "recall": 0.9120654396728016,
                "f1-score": 0.8183486238532109,
                "support": 489
            },
            "1": {
                "precision": 0.7425149700598802,
                "recall": 0.4444444444444444,
                "f1-score": 0.5560538116591928,
                "support": 279
            },
            "accuracy": 0.7421875,
            "macro avg": {
                "precision": 0.7423057379417537,
                "recall": 0.678254942058623,
                "f1-score": 0.6872012177562019,
                "support": 768
            },
            "weighted avg": {
                "precision": 0.7422485260344535,
                "recall": 0.7421875,
                "f1-score": 0.7230618366108529,
                "support": 768
            },
            "roc_auc": 0.7711370582932032,
            "score": 0.7421875
        },
        "val": {
            "0": {
                "precision": 0.7444444444444445,
                "recall": 0.8375,
                "f1-score": 0.788235294117647,
                "support": 80
            },
            "1": {
                "precision": 0.6060606060606061,
                "recall": 0.46511627906976744,
                "f1-score": 0.5263157894736842,
                "support": 43
            },
            "accuracy": 0.7073170731707317,
            "macro avg": {
                "precision": 0.6752525252525252,
                "recall": 0.6513081395348838,
                "f1-score": 0.6572755417956656,
                "support": 123
            },
            "weighted avg": {
                "precision": 0.69606635460294,
                "recall": 0.7073170731707317,
                "f1-score": 0.6966699388356112,
                "support": 123
            },
            "roc_auc": 0.6534883720930232,
            "score": 0.7073170731707317
        },
        "test": {
            "0": {
                "precision": 0.7410714285714286,
                "recall": 0.83,
                "f1-score": 0.7830188679245284,
                "support": 100
            },
            "1": {
                "precision": 0.5952380952380952,
                "recall": 0.46296296296296297,
                "f1-score": 0.5208333333333334,
                "support": 54
            },
            "accuracy": 0.7012987012987013,
            "macro avg": {
                "precision": 0.6681547619047619,
                "recall": 0.6464814814814814,
                "f1-score": 0.6519261006289309,
                "support": 154
            },
            "weighted avg": {
                "precision": 0.689935064935065,
                "recall": 0.7012987012987013,
                "f1-score": 0.691083680470473,
                "support": 154
            },
            "roc_auc": 0.7318518518518519,
            "score": 0.7012987012987013
        }
    }
}
