{
    "eval_type": "synthetic",
    "dataset": "data/abalone/",
    "metrics": {
        "train": {
            "rmse": 2.7593856216958046,
            "r2": 0.889124734381501,
            "score": -2.7593856216958046
        },
        "val": {
            "rmse": 2.4721027792409607,
            "r2": 0.37385027618584477,
            "score": -2.4721027792409607
        },
        "test": {
            "rmse": 2.2745578374875093,
            "r2": 0.4314065471887185,
            "score": -2.2745578374875093
        }
    }
}
