{
    "eval_type": "synthetic",
    "dataset": "data/diabetes/",
    "metrics": {
        "train": {
            "0": {
                "precision": 0.819047619047619,
                "recall": 0.7938461538461539,
                "f1-score": 0.80625,
                "support": 325.0
            },
            "1": {
                "precision": 0.6378378378378379,
                "recall": 0.6742857142857143,
                "f1-score": 0.6555555555555556,
                "support": 175.0
            },
            "accuracy": 0.752,
            "macro avg": {
                "precision": 0.7284427284427284,
                "recall": 0.7340659340659341,
                "f1-score": 0.7309027777777778,
                "support": 500.0
            },
            "weighted avg": {
                "precision": 0.7556241956241956,
                "recall": 0.752,
                "f1-score": 0.7535069444444444,
                "support": 500.0
            },
            "roc_auc": 0.8467076923076923,
            "score": 0.752
        },
        "val": {
            "0": {
                "precision": 0.7727272727272727,
                "recall": 0.85,
                "f1-score": 0.8095238095238095,
                "support": 80.0
            },
            "1": {
                "precision": 0.6571428571428571,
                "recall": 0.5348837209302325,
                "f1-score": 0.5897435897435898,
                "support": 43.0
            },
            "accuracy": 0.7398373983739838,
            "macro avg": {
                "precision": 0.714935064935065,
                "recall": 0.6924418604651162,
                "f1-score": 0.6996336996336996,
                "support": 123.0
            },
            "weighted avg": {
                "precision": 0.7323197128075176,
                "recall": 0.7398373983739838,
                "f1-score": 0.7326900741534889,
                "support": 123.0
            },
            "roc_auc": 0.7851744186046511,
            "score": 0.7398373983739838
        },
        "test": {
            "0": {
                "precision": 0.8137254901960784,
                "recall": 0.83,
                "f1-score": 0.8217821782178217,
                "support": 100.0
            },
            "1": {
                "precision": 0.6730769230769231,
                "recall": 0.6481481481481481,
                "f1-score": 0.660377358490566,
                "support": 54.0
            },
            "accuracy": 0.7662337662337663,
            "macro avg": {
                "precision": 0.7434012066365008,
                "recall": 0.739074074074074,
                "f1-score": 0.7410797683541939,
                "support": 154.0
            },
            "weighted avg": {
                "precision": 0.764407161465985,
                "recall": 0.7662337662337663,
                "f1-score": 0.765185682988784,
                "support": 154.0
            },
            "roc_auc": 0.8242592592592592,
            "score": 0.7662337662337663
        }
    }
}
