{
    "eval_type": "synthetic",
    "dataset": "data/house/",
    "metrics": {
        "train": {
            "rmse": 10873.240387468082,
            "r2": 0.9522254554455831,
            "score": -10873.240387468082
        },
        "val": {
            "rmse": 30188.598342681384,
            "r2": 0.6941753582457606,
            "score": -30188.598342681384
        },
        "test": {
            "rmse": 30957.563945395537,
            "r2": 0.6680280212062206,
            "score": -30957.563945395537
        }
    }
}
