{
    "eval_type": "synthetic",
    "dataset": "data/insurance/",
    "metrics": {
        "train": {
            "rmse": 6204.448329677436,
            "r2": 0.9386626197094096,
            "score": -6204.448329677436
        },
        "val": {
            "rmse": 6383.022355530233,
            "r2": 0.6967883522045194,
            "score": -6383.022355530233
        },
        "test": {
            "rmse": 6688.695072880561,
            "r2": 0.6313301120899184,
            "score": -6688.695072880561
        }
    }
}
