{
    "eval_type": "synthetic",
    "dataset": "data/california/",
    "metrics": {
        "train": {
            "rmse": 0.5358300494495756,
            "r2": 0.7596279018039312,
            "score": -0.5358300494495756
        },
        "val": {
            "rmse": 0.7580612904189187,
            "r2": 0.5592681577644137,
            "score": -0.7580612904189187
        },
        "test": {
            "rmse": 0.7527611992265411,
            "r2": 0.5654378922619254,
            "score": -0.7527611992265411
        }
    }
}
