{
    "eval_type": "synthetic",
    "dataset": "data/abalone/",
    "metrics": {
        "train": {
            "rmse": 2.261599100865677,
            "r2": 0.38182493230535264,
            "score": -2.261599100865677
        },
        "val": {
            "rmse": 2.586247085199177,
            "r2": 0.3146929871361568,
            "score": -2.586247085199177
        },
        "test": {
            "rmse": 2.4994476784178636,
            "r2": 0.31341235286238,
            "score": -2.4994476784178636
        }
    }
}
