{
    "eval_type": "synthetic",
    "dataset": "data/abalone/",
    "metrics": {
        "train": {
            "rmse": 2.205162120789861,
            "r2": 0.5047939262300998,
            "score": -2.205162120789861
        },
        "val": {
            "rmse": 2.166471190256508,
            "r2": 0.5191042001544476,
            "score": -2.166471190256508
        },
        "test": {
            "rmse": 2.1605563976683775,
            "r2": 0.4869743253751424,
            "score": -2.1605563976683775
        }
    }
}
