{
    "eval_type": "synthetic",
    "dataset": "data/wilt/",
    "metrics": {
        "train": {
            "0": {
                "precision": 0.9994027558551256,
                "recall": 0.9996159754224271,
                "f1-score": 0.9995093542675513,
                "support": 23436
            },
            "1": {
                "precision": 0.9933774834437086,
                "recall": 0.9897360703812317,
                "f1-score": 0.9915534337128167,
                "support": 1364
            },
            "accuracy": 0.9990725806451612,
            "macro avg": {
                "precision": 0.9963901196494171,
                "recall": 0.9946760229018294,
                "f1-score": 0.995531393990184,
                "support": 24800
            },
            "weighted avg": {
                "precision": 0.9990713658724977,
                "recall": 0.9990725806451612,
                "f1-score": 0.9990717786370408,
                "support": 24800
            },
            "roc_auc": 0.9999065590246652,
            "score": 0.9990725806451612
        },
        "val": {
            "0": {
                "precision": 0.9932065217391305,
                "recall": 0.9972714870395635,
                "f1-score": 0.9952348536419333,
                "support": 733
            },
            "1": {
                "precision": 0.9487179487179487,
                "recall": 0.8809523809523809,
                "f1-score": 0.9135802469135802,
                "support": 42
            },
            "accuracy": 0.9909677419354839,
            "macro avg": {
                "precision": 0.9709622352285396,
                "recall": 0.9391119339959721,
                "f1-score": 0.9544075502777567,
                "support": 775
            },
            "weighted avg": {
                "precision": 0.9907955281044342,
                "recall": 0.9909677419354839,
                "f1-score": 0.9908097007611709,
                "support": 775
            },
            "roc_auc": 0.9968492171766388,
            "score": 0.9909677419354839
        },
        "test": {
            "0": {
                "precision": 0.990174672489083,
                "recall": 0.990174672489083,
                "f1-score": 0.990174672489083,
                "support": 916
            },
            "1": {
                "precision": 0.8269230769230769,
                "recall": 0.8269230769230769,
                "f1-score": 0.8269230769230769,
                "support": 52
            },
            "accuracy": 0.981404958677686,
            "macro avg": {
                "precision": 0.9085488747060799,
                "recall": 0.9085488747060799,
                "f1-score": 0.9085488747060799,
                "support": 968
            },
            "weighted avg": {
                "precision": 0.981404958677686,
                "recall": 0.981404958677686,
                "f1-score": 0.981404958677686,
                "support": 968
            },
            "roc_auc": 0.9828266711454484,
            "score": 0.981404958677686
        }
    }
}
