{
    "eval_type": "synthetic",
    "dataset": "data/wilt/",
    "metrics": {
        "train": {
            "0": {
                "precision": 0.998891163425452,
                "recall": 0.9994026284348865,
                "f1-score": 0.9991468304752155,
                "support": 23436
            },
            "1": {
                "precision": 0.9896449704142012,
                "recall": 0.9809384164222874,
                "f1-score": 0.9852724594992637,
                "support": 1364
            },
            "accuracy": 0.9983870967741936,
            "macro avg": {
                "precision": 0.9942680669198266,
                "recall": 0.9901705224285869,
                "f1-score": 0.9922096449872395,
                "support": 24800
            },
            "weighted avg": {
                "precision": 0.9983826228098333,
                "recall": 0.9983870967741936,
                "f1-score": 0.9983837400715381,
                "support": 24800
            },
            "roc_auc": 0.999916194049909,
            "score": 0.9983870967741936
        },
        "val": {
            "0": {
                "precision": 0.9986320109439124,
                "recall": 0.9959072305593452,
                "f1-score": 0.9972677595628415,
                "support": 733
            },
            "1": {
                "precision": 0.9318181818181818,
                "recall": 0.9761904761904762,
                "f1-score": 0.9534883720930233,
                "support": 42
            },
            "accuracy": 0.9948387096774194,
            "macro avg": {
                "precision": 0.9652250963810471,
                "recall": 0.9860488533749107,
                "f1-score": 0.9753780658279324,
                "support": 775
            },
            "weighted avg": {
                "precision": 0.9950111324622598,
                "recall": 0.9948387096774194,
                "f1-score": 0.9948951992096385,
                "support": 775
            },
            "roc_auc": 0.9995777301370753,
            "score": 0.9948387096774194
        },
        "test": {
            "0": {
                "precision": 0.9890590809628009,
                "recall": 0.9868995633187773,
                "f1-score": 0.9879781420765027,
                "support": 916
            },
            "1": {
                "precision": 0.7777777777777778,
                "recall": 0.8076923076923077,
                "f1-score": 0.7924528301886792,
                "support": 52
            },
            "accuracy": 0.9772727272727273,
            "macro avg": {
                "precision": 0.8834184293702894,
                "recall": 0.8972959355055425,
                "f1-score": 0.8902154861325909,
                "support": 968
            },
            "weighted avg": {
                "precision": 0.9777092588908782,
                "recall": 0.9772727272727273,
                "f1-score": 0.977474716231289,
                "support": 968
            },
            "roc_auc": 0.992085152838428,
            "score": 0.9772727272727273
        }
    }
}
