{
    "eval_type": "synthetic",
    "dataset": "data/house/",
    "metrics": {
        "train": {
            "rmse": 29332.537548718698,
            "r2": 0.6546746447825208,
            "score": -29332.537548718698
        },
        "val": {
            "rmse": 38193.97594395686,
            "r2": 0.5104734388418469,
            "score": -38193.97594395686
        },
        "test": {
            "rmse": 39111.070671625945,
            "r2": 0.4701325475053443,
            "score": -39111.070671625945
        }
    }
}
