{
    "eval_type": "synthetic",
    "dataset": "data/churn2/",
    "metrics": {
        "train": {
            "0": {
                "precision": 0.8770717628022915,
                "recall": 0.9713289422704379,
                "f1-score": 0.9217970814661611,
                "support": 20648
            },
            "1": {
                "precision": 0.8110437280561762,
                "recall": 0.47477578475336324,
                "f1-score": 0.598939304655274,
                "support": 5352
            },
            "accuracy": 0.8691153846153846,
            "macro avg": {
                "precision": 0.8440577454292338,
                "recall": 0.7230523635119006,
                "f1-score": 0.7603681930607176,
                "support": 26000
            },
            "weighted avg": {
                "precision": 0.8634801458037835,
                "recall": 0.8691153846153846,
                "f1-score": 0.85533804987032,
                "support": 26000
            },
            "roc_auc": 0.8837492141752221,
            "score": 0.8691153846153846
        },
        "val": {
            "0": {
                "precision": 0.8792613636363636,
                "recall": 0.9717425431711146,
                "f1-score": 0.9231916480238628,
                "support": 1274
            },
            "1": {
                "precision": 0.8125,
                "recall": 0.4785276073619632,
                "f1-score": 0.6023166023166024,
                "support": 326
            },
            "accuracy": 0.87125,
            "macro avg": {
                "precision": 0.8458806818181819,
                "recall": 0.7251350752665389,
                "f1-score": 0.7627541251702326,
                "support": 1600
            },
            "weighted avg": {
                "precision": 0.8656587357954545,
                "recall": 0.87125,
                "f1-score": 0.8578133574610085,
                "support": 1600
            },
            "roc_auc": 0.8606292918299929,
            "score": 0.87125
        },
        "test": {
            "0": {
                "precision": 0.8625698324022346,
                "recall": 0.9692404268675455,
                "f1-score": 0.9127992905704995,
                "support": 1593
            },
            "1": {
                "precision": 0.7666666666666667,
                "recall": 0.3955773955773956,
                "f1-score": 0.5218800648298217,
                "support": 407
            },
            "accuracy": 0.8525,
            "macro avg": {
                "precision": 0.8146182495344507,
                "recall": 0.6824089112224705,
                "f1-score": 0.7173396777001606,
                "support": 2000
            },
            "weighted avg": {
                "precision": 0.8430535381750465,
                "recall": 0.8525,
                "f1-score": 0.8332472281322715,
                "support": 2000
            },
            "roc_auc": 0.8521078860061911,
            "score": 0.8525
        }
    }
}
