{
    "eval_type": "synthetic",
    "dataset": "data/abalone/",
    "metrics": {
        "train": {
            "rmse": 2.5053953076213675,
            "r2": 0.40011520253777033,
            "score": -2.5053953076213675
        },
        "val": {
            "rmse": 2.3776731645015534,
            "r2": 0.42077211685120175,
            "score": -2.3776731645015534
        },
        "test": {
            "rmse": 2.3732989437461947,
            "r2": 0.3809684596166282,
            "score": -2.3732989437461947
        }
    }
}
