{
    "eval_type": "synthetic",
    "dataset": "data/gesture/",
    "metrics": {
        "train": {
            "0": {
                "precision": 0.9344151453684922,
                "recall": 0.9791869630679302,
                "f1-score": 0.9562772996583487,
                "support": 11291
            },
            "1": {
                "precision": 0.9755487100500577,
                "recall": 0.9535190063981934,
                "f1-score": 0.9644080700418728,
                "support": 5314
            },
            "2": {
                "precision": 0.9640958534391102,
                "recall": 0.957595450852965,
                "f1-score": 0.9608346578636346,
                "support": 12310
            },
            "3": {
                "precision": 0.988674746671965,
                "recall": 0.958766859344894,
                "f1-score": 0.9734911474126969,
                "support": 5190
            },
            "4": {
                "precision": 0.9738115924041206,
                "recall": 0.9629947836759742,
                "f1-score": 0.9683729828134161,
                "support": 16295
            },
            "accuracy": 0.9638690476190476,
            "macro avg": {
                "precision": 0.9673092095867493,
                "recall": 0.9624126126679915,
                "f1-score": 0.9646768315579939,
                "support": 50400
            },
            "weighted avg": {
                "precision": 0.9643263698581298,
                "recall": 0.9638690476190476,
                "f1-score": 0.9639310103762456,
                "support": 50400
            },
            "score": 0.9638690476190476
        },
        "val": {
            "0": {
                "precision": 0.5800653594771242,
                "recall": 0.8086560364464692,
                "f1-score": 0.675547098001903,
                "support": 439
            },
            "1": {
                "precision": 0.4696969696969697,
                "recall": 0.19375,
                "f1-score": 0.27433628318584075,
                "support": 160
            },
            "2": {
                "precision": 0.47337278106508873,
                "recall": 0.47761194029850745,
                "f1-score": 0.47548291233283796,
                "support": 335
            },
            "3": {
                "precision": 0.4823529411764706,
                "recall": 0.23563218390804597,
                "f1-score": 0.3166023166023166,
                "support": 174
            },
            "4": {
                "precision": 0.55741127348643,
                "recall": 0.565677966101695,
                "f1-score": 0.5615141955835962,
                "support": 472
            },
            "accuracy": 0.540506329113924,
            "macro avg": {
                "precision": 0.5125798649804166,
                "recall": 0.4562656253509435,
                "f1-score": 0.4606965611412989,
                "support": 1580
            },
            "weighted avg": {
                "precision": 0.5287390015627077,
                "recall": 0.540506329113924,
                "f1-score": 0.5189045951698298,
                "support": 1580
            },
            "score": 0.540506329113924
        },
        "test": {
            "0": {
                "precision": 0.5731543624161074,
                "recall": 0.7791970802919708,
                "f1-score": 0.6604795050270688,
                "support": 548
            },
            "1": {
                "precision": 0.3723404255319149,
                "recall": 0.175,
                "f1-score": 0.23809523809523808,
                "support": 200
            },
            "2": {
                "precision": 0.44717444717444715,
                "recall": 0.43333333333333335,
                "f1-score": 0.4401451027811366,
                "support": 420
            },
            "3": {
                "precision": 0.46938775510204084,
                "recall": 0.2119815668202765,
                "f1-score": 0.292063492063492,
                "support": 217
            },
            "4": {
                "precision": 0.554675118858954,
                "recall": 0.5932203389830508,
                "f1-score": 0.5733005733005733,
                "support": 590
            },
            "accuracy": 0.5265822784810127,
            "macro avg": {
                "precision": 0.4833464218166929,
                "recall": 0.43854646388572627,
                "f1-score": 0.44081678225350174,
                "support": 1975
            },
            "weighted avg": {
                "precision": 0.5091065349405587,
                "recall": 0.5265822784810127,
                "f1-score": 0.5043280382618099,
                "support": 1975
            },
            "score": 0.5265822784810127
        }
    }
}
