{
    "eval_type": "synthetic",
    "dataset": "data/house/",
    "metrics": {
        "train": {
            "rmse": 240165.65475522887,
            "r2": 0.019957152372899967,
            "score": -240165.65475522887
        },
        "val": {
            "rmse": 148933.5759906967,
            "r2": -6.443406973035977,
            "score": -148933.5759906967
        },
        "test": {
            "rmse": 149171.25863987146,
            "r2": -6.707936876005728,
            "score": -149171.25863987146
        }
    }
}
