{
    "eval_type": "synthetic",
    "dataset": "data/diabetes/",
    "metrics": {
        "train": {
            "0": {
                "precision": 0.8214285714285714,
                "recall": 0.8952095808383234,
                "f1-score": 0.8567335243553009,
                "support": 334
            },
            "1": {
                "precision": 0.7426470588235294,
                "recall": 0.608433734939759,
                "f1-score": 0.6688741721854305,
                "support": 166
            },
            "accuracy": 0.8,
            "macro avg": {
                "precision": 0.7820378151260504,
                "recall": 0.7518216578890412,
                "f1-score": 0.7628038482703657,
                "support": 500
            },
            "weighted avg": {
                "precision": 0.7952731092436975,
                "recall": 0.8,
                "f1-score": 0.794364219434904,
                "support": 500
            },
            "roc_auc": 0.8502723468725201,
            "score": 0.8
        },
        "val": {
            "0": {
                "precision": 0.7659574468085106,
                "recall": 0.9,
                "f1-score": 0.8275862068965516,
                "support": 80
            },
            "1": {
                "precision": 0.7241379310344828,
                "recall": 0.4883720930232558,
                "f1-score": 0.5833333333333334,
                "support": 43
            },
            "accuracy": 0.7560975609756098,
            "macro avg": {
                "precision": 0.7450476889214968,
                "recall": 0.6941860465116279,
                "f1-score": 0.7054597701149425,
                "support": 123
            },
            "weighted avg": {
                "precision": 0.751337616090761,
                "recall": 0.7560975609756098,
                "f1-score": 0.7421969909354266,
                "support": 123
            },
            "roc_auc": 0.8078488372093023,
            "score": 0.7560975609756098
        },
        "test": {
            "0": {
                "precision": 0.7372881355932204,
                "recall": 0.87,
                "f1-score": 0.798165137614679,
                "support": 100
            },
            "1": {
                "precision": 0.6388888888888888,
                "recall": 0.42592592592592593,
                "f1-score": 0.5111111111111111,
                "support": 54
            },
            "accuracy": 0.7142857142857143,
            "macro avg": {
                "precision": 0.6880885122410546,
                "recall": 0.647962962962963,
                "f1-score": 0.654638124362895,
                "support": 154
            },
            "weighted avg": {
                "precision": 0.7027845036319612,
                "recall": 0.7142857142857143,
                "f1-score": 0.6975098296199214,
                "support": 154
            },
            "roc_auc": 0.803611111111111,
            "score": 0.7142857142857143
        }
    }
}
