{
    "eval_type": "synthetic",
    "dataset": "data/adult/",
    "metrics": {
        "train": {
            "0": {
                "precision": 0.8899494411317931,
                "recall": 0.9401015471571585,
                "f1-score": 0.9143382909586425,
                "support": 41754
            },
            "1": {
                "precision": 0.7471949863539876,
                "recall": 0.6036256736893679,
                "f1-score": 0.6677808392429648,
                "support": 12246
            },
            "accuracy": 0.8637962962962963,
            "macro avg": {
                "precision": 0.8185722137428904,
                "recall": 0.7718636104232632,
                "f1-score": 0.7910595651008037,
                "support": 54000
            },
            "weighted avg": {
                "precision": 0.8575759031094041,
                "recall": 0.8637962962962963,
                "f1-score": 0.8584245399640094,
                "support": 54000
            },
            "roc_auc": 0.9115293384751989,
            "score": 0.8637962962962963
        },
        "val": {
            "0": {
                "precision": 0.881578947368421,
                "recall": 0.9348837209302325,
                "f1-score": 0.90744920993228,
                "support": 4945
            },
            "1": {
                "precision": 0.7462568951930654,
                "recall": 0.6039540816326531,
                "f1-score": 0.6676066267183645,
                "support": 1568
            },
            "accuracy": 0.8552126516198373,
            "macro avg": {
                "precision": 0.8139179212807433,
                "recall": 0.7694189012814427,
                "f1-score": 0.7875279183253222,
                "support": 6513
            },
            "weighted avg": {
                "precision": 0.8490002619990124,
                "recall": 0.8552126516198373,
                "f1-score": 0.8497072829432704,
                "support": 6513
            },
            "roc_auc": 0.9083353753533769,
            "score": 0.8552126516198373
        },
        "test": {
            "0": {
                "precision": 0.8831021150784626,
                "recall": 0.9367913148371532,
                "f1-score": 0.9091547646921097,
                "support": 12435
            },
            "1": {
                "precision": 0.7456310679611651,
                "recall": 0.5990639625585024,
                "f1-score": 0.6643598615916956,
                "support": 3846
            },
            "accuracy": 0.8570112400958172,
            "macro avg": {
                "precision": 0.8143665915198138,
                "recall": 0.7679276386978278,
                "f1-score": 0.7867573131419026,
                "support": 16281
            },
            "weighted avg": {
                "precision": 0.8506278415563739,
                "recall": 0.8570112400958172,
                "f1-score": 0.8513277763422422,
                "support": 16281
            },
            "roc_auc": 0.9065937571157853,
            "score": 0.8570112400958172
        }
    }
}
