{
    "eval_type": "synthetic",
    "dataset": "data/california/",
    "metrics": {
        "train": {
            "rmse": 0.28345422468827197,
            "r2": 0.9319473774374356,
            "score": -0.28345422468827197
        },
        "val": {
            "rmse": 0.5087349121359245,
            "r2": 0.8015053198557246,
            "score": -0.5087349121359245
        },
        "test": {
            "rmse": 0.5152889367130407,
            "r2": 0.7963712746756008,
            "score": -0.5152889367130407
        }
    }
}
