{
    "eval_type": "synthetic",
    "dataset": "data/cardio/",
    "metrics": {
        "train": {
            "0": {
                "precision": 0.6467204373751483,
                "recall": 0.6420051291226815,
                "f1-score": 0.6443541568460197,
                "support": 67068
            },
            "1": {
                "precision": 0.7883108066407455,
                "recall": 0.7917242234264867,
                "f1-score": 0.7900138279589842,
                "support": 112932
            },
            "accuracy": 0.7359388888888889,
            "macro avg": {
                "precision": 0.7175156220079468,
                "recall": 0.7168646762745841,
                "f1-score": 0.717183992402502,
                "support": 180000
            },
            "weighted avg": {
                "precision": 0.735554235052384,
                "recall": 0.7359388888888889,
                "f1-score": 0.7357410345022937,
                "support": 180000
            },
            "roc_auc": 0.8055241118506966,
            "score": 0.7359388888888889
        },
        "val": {
            "0": {
                "precision": 0.7324050249735129,
                "recall": 0.6935645692991257,
                "f1-score": 0.7124558303886926,
                "support": 6977
            },
            "1": {
                "precision": 0.7108075206276208,
                "recall": 0.7482557311690161,
                "f1-score": 0.7290510543840178,
                "support": 7023
            },
            "accuracy": 0.721,
            "macro avg": {
                "precision": 0.7216062728005668,
                "recall": 0.7209101502340709,
                "f1-score": 0.7207534423863553,
                "support": 14000
            },
            "weighted avg": {
                "precision": 0.7215707911862843,
                "recall": 0.721,
                "f1-score": 0.7207807059686333,
                "support": 14000
            },
            "roc_auc": 0.7812025868605805,
            "score": 0.721
        },
        "test": {
            "0": {
                "precision": 0.7304937806257068,
                "recall": 0.6949973103819258,
                "f1-score": 0.7123035927593495,
                "support": 5577
            },
            "1": {
                "precision": 0.7114014251781473,
                "recall": 0.7456873555041793,
                "f1-score": 0.7281410089433012,
                "support": 5623
            },
            "accuracy": 0.7204464285714286,
            "macro avg": {
                "precision": 0.720947602901927,
                "recall": 0.7203423329430525,
                "f1-score": 0.7202223008513253,
                "support": 11200
            },
            "weighted avg": {
                "precision": 0.7209083953862758,
                "recall": 0.7204464285714286,
                "f1-score": 0.7202548241167032,
                "support": 11200
            },
            "roc_auc": 0.7850385613966511,
            "score": 0.7204464285714286
        }
    }
}
