{
    "eval_type": "synthetic",
    "dataset": "data/cardio/",
    "metrics": {
        "train": {
            "0": {
                "precision": 0.7230986001776579,
                "recall": 0.7828206346925466,
                "f1-score": 0.7517753834722147,
                "support": 180938
            },
            "1": {
                "precision": 0.7605625220877661,
                "recall": 0.697088159408473,
                "f1-score": 0.727443324203042,
                "support": 179062
            },
            "accuracy": 0.7401777777777778,
            "macro avg": {
                "precision": 0.7418305611327121,
                "recall": 0.7399543970505098,
                "f1-score": 0.7396093538376284,
                "support": 360000
            },
            "weighted avg": {
                "precision": 0.7417329468028462,
                "recall": 0.7401777777777778,
                "f1-score": 0.7396727523698352,
                "support": 360000
            },
            "roc_auc": 0.8087000528669541,
            "score": 0.7401777777777778
        },
        "val": {
            "0": {
                "precision": 0.7179078720297358,
                "recall": 0.7751182456643256,
                "f1-score": 0.7454169538249483,
                "support": 6977
            },
            "1": {
                "precision": 0.7573836400185557,
                "recall": 0.6974227538089136,
                "f1-score": 0.7261675315048184,
                "support": 7023
            },
            "accuracy": 0.7361428571428571,
            "macro avg": {
                "precision": 0.7376457560241458,
                "recall": 0.7362704997366196,
                "f1-score": 0.7357922426648833,
                "support": 14000
            },
            "weighted avg": {
                "precision": 0.737710609071556,
                "recall": 0.7361428571428571,
                "f1-score": 0.7357606186139289,
                "support": 14000
            },
            "roc_auc": 0.8026272365266964,
            "score": 0.7361428571428571
        },
        "test": {
            "0": {
                "precision": 0.7177711836465546,
                "recall": 0.7807064730141653,
                "f1-score": 0.7479172034698961,
                "support": 5577
            },
            "1": {
                "precision": 0.7617841838722244,
                "recall": 0.6955361906455628,
                "f1-score": 0.7271544110811564,
                "support": 5623
            },
            "accuracy": 0.7379464285714286,
            "macro avg": {
                "precision": 0.7397776837593895,
                "recall": 0.7381213318298641,
                "f1-score": 0.7375358072755263,
                "support": 11200
            },
            "weighted avg": {
                "precision": 0.7398680675991386,
                "recall": 0.7379464285714286,
                "f1-score": 0.7374931693982992,
                "support": 11200
            },
            "roc_auc": 0.8032831612497545,
            "score": 0.7379464285714286
        }
    }
}
