{
    "eval_type": "synthetic",
    "dataset": "data/abalone/",
    "metrics": {
        "train": {
            "rmse": 2.5197011277563615,
            "r2": 0.6077261569879968,
            "score": -2.5197011277563615
        },
        "val": {
            "rmse": 2.0934272031615806,
            "r2": 0.5509849743423283,
            "score": -2.0934272031615806
        },
        "test": {
            "rmse": 2.116516582084099,
            "r2": 0.5076757406696848,
            "score": -2.116516582084099
        }
    }
}
