{
    "eval_type": "synthetic",
    "dataset": "data/adult/",
    "metrics": {
        "train": {
            "0": {
                "precision": 0.8971142611494456,
                "recall": 0.9431478434190095,
                "f1-score": 0.9195552944366611,
                "support": 86294
            },
            "1": {
                "precision": 0.75068604532981,
                "recall": 0.6127934953953372,
                "f1-score": 0.6747670381874658,
                "support": 24106
            },
            "accuracy": 0.8710144927536232,
            "macro avg": {
                "precision": 0.8239001532396277,
                "recall": 0.7779706694071733,
                "f1-score": 0.7971611663120635,
                "support": 110400
            },
            "weighted avg": {
                "precision": 0.8651414480104227,
                "recall": 0.8710144927536232,
                "f1-score": 0.8661054239190604,
                "support": 110400
            },
            "roc_auc": 0.9335679721617806,
            "score": 0.8710144927536232
        },
        "val": {
            "0": {
                "precision": 0.8839060376625898,
                "recall": 0.9207280080889788,
                "f1-score": 0.9019413629160064,
                "support": 4945
            },
            "1": {
                "precision": 0.7121879588839941,
                "recall": 0.6186224489795918,
                "f1-score": 0.6621160409556314,
                "support": 1568
            },
            "accuracy": 0.8479963150621833,
            "macro avg": {
                "precision": 0.798046998273292,
                "recall": 0.7696752285342854,
                "f1-score": 0.7820287019358189,
                "support": 6513
            },
            "weighted avg": {
                "precision": 0.8425650354324596,
                "recall": 0.8479963150621833,
                "f1-score": 0.8442035915611978,
                "support": 6513
            },
            "roc_auc": 0.9023949026020924,
            "score": 0.8479963150621833
        },
        "test": {
            "0": {
                "precision": 0.884977805466864,
                "recall": 0.9138721351025332,
                "f1-score": 0.8991929102706124,
                "support": 12435
            },
            "1": {
                "precision": 0.6886627906976744,
                "recall": 0.6159646385855434,
                "f1-score": 0.6502882239912161,
                "support": 3846
            },
            "accuracy": 0.8434985565997175,
            "macro avg": {
                "precision": 0.7868202980822692,
                "recall": 0.7649183868440383,
                "f1-score": 0.7747405671309142,
                "support": 16281
            },
            "weighted avg": {
                "precision": 0.8386030405996996,
                "recall": 0.8434985565997175,
                "f1-score": 0.8403950831450945,
                "support": 16281
            },
            "roc_auc": 0.8979269528642022,
            "score": 0.8434985565997175
        }
    }
}
