{
    "eval_type": "synthetic",
    "dataset": "data/adult/",
    "metrics": {
        "train": {
            "0": {
                "precision": 0.9135079759988292,
                "recall": 0.9469532237673831,
                "f1-score": 0.9299299796394696,
                "support": 19775
            },
            "1": {
                "precision": 0.8109569291764281,
                "recall": 0.7173601147776184,
                "f1-score": 0.7612925054982236,
                "support": 6273
            },
            "accuracy": 0.891661547911548,
            "macro avg": {
                "precision": 0.8622324525876286,
                "recall": 0.8321566692725008,
                "f1-score": 0.8456112425688466,
                "support": 26048
            },
            "weighted avg": {
                "precision": 0.8888111579430505,
                "recall": 0.891661547911548,
                "f1-score": 0.8893179220808072,
                "support": 26048
            },
            "roc_auc": 0.9500277532410187,
            "score": 0.891661547911548
        },
        "val": {
            "0": {
                "precision": 0.8850860420650095,
                "recall": 0.9360970677451972,
                "f1-score": 0.9098771498771498,
                "support": 4945
            },
            "1": {
                "precision": 0.7537022603273578,
                "recall": 0.6167091836734694,
                "f1-score": 0.6783584707120309,
                "support": 1568
            },
            "accuracy": 0.8592046675879011,
            "macro avg": {
                "precision": 0.8193941511961836,
                "recall": 0.7764031257093333,
                "f1-score": 0.7941178102945904,
                "support": 6513
            },
            "weighted avg": {
                "precision": 0.8534554924312557,
                "recall": 0.8592046675879011,
                "f1-score": 0.8541391967171765,
                "support": 6513
            },
            "roc_auc": 0.9110669533232909,
            "score": 0.8592046675879011
        },
        "test": {
            "0": {
                "precision": 0.88549443851897,
                "recall": 0.9347004422999597,
                "f1-score": 0.9094323383279216,
                "support": 12435
            },
            "1": {
                "precision": 0.7426307448494454,
                "recall": 0.609204368174727,
                "f1-score": 0.6693329524353664,
                "support": 3846
            },
            "accuracy": 0.8578097168478594,
            "macro avg": {
                "precision": 0.8140625916842077,
                "recall": 0.7719524052373434,
                "f1-score": 0.7893826453816439,
                "support": 16281
            },
            "weighted avg": {
                "precision": 0.8517462801839173,
                "recall": 0.8578097168478594,
                "f1-score": 0.8527145545220886,
                "support": 16281
            },
            "roc_auc": 0.9102700135347594,
            "score": 0.8578097168478594
        }
    }
}
