{
    "eval_type": "synthetic",
    "dataset": "data/diabetes/",
    "metrics": {
        "train": {
            "0": {
                "precision": 0.8328912466843501,
                "recall": 0.9661538461538461,
                "f1-score": 0.8945868945868946,
                "support": 325.0
            },
            "1": {
                "precision": 0.9105691056910569,
                "recall": 0.64,
                "f1-score": 0.7516778523489933,
                "support": 175.0
            },
            "accuracy": 0.852,
            "macro avg": {
                "precision": 0.8717301761877034,
                "recall": 0.803076923076923,
                "f1-score": 0.8231323734679439,
                "support": 500.0
            },
            "weighted avg": {
                "precision": 0.8600784973366974,
                "recall": 0.852,
                "f1-score": 0.8445687298036292,
                "support": 500.0
            },
            "roc_auc": 0.9019428571428572,
            "score": 0.852
        },
        "val": {
            "0": {
                "precision": 0.8354430379746836,
                "recall": 0.825,
                "f1-score": 0.8301886792452831,
                "support": 80.0
            },
            "1": {
                "precision": 0.6818181818181818,
                "recall": 0.6976744186046512,
                "f1-score": 0.6896551724137931,
                "support": 43.0
            },
            "accuracy": 0.7804878048780488,
            "macro avg": {
                "precision": 0.7586306098964326,
                "recall": 0.7613372093023256,
                "f1-score": 0.7599219258295381,
                "support": 123.0
            },
            "weighted avg": {
                "precision": 0.7817367874484268,
                "recall": 0.7804878048780488,
                "f1-score": 0.781059079296063,
                "support": 123.0
            },
            "roc_auc": 0.7880813953488373,
            "score": 0.7804878048780488
        },
        "test": {
            "0": {
                "precision": 0.8541666666666666,
                "recall": 0.82,
                "f1-score": 0.8367346938775511,
                "support": 100.0
            },
            "1": {
                "precision": 0.6896551724137931,
                "recall": 0.7407407407407407,
                "f1-score": 0.7142857142857143,
                "support": 54.0
            },
            "accuracy": 0.7922077922077922,
            "macro avg": {
                "precision": 0.7719109195402298,
                "recall": 0.7803703703703704,
                "f1-score": 0.7755102040816326,
                "support": 154.0
            },
            "weighted avg": {
                "precision": 0.7964808180325421,
                "recall": 0.7922077922077922,
                "f1-score": 0.7937980386959979,
                "support": 154.0
            },
            "roc_auc": 0.8331481481481481,
            "score": 0.7922077922077922
        }
    }
}
