{
    "eval_type": "synthetic",
    "dataset": "data/buddy/",
    "metrics": {
        "train": {
            "0": {
                "precision": 0.8533198250512738,
                "recall": 0.9018332811031025,
                "f1-score": 0.8769060829598405,
                "support": 38292
            },
            "1": {
                "precision": 0.8413877219135384,
                "recall": 0.8150336063852132,
                "f1-score": 0.8280010135630742,
                "support": 38088
            },
            "2": {
                "precision": 0.9097982399656579,
                "recall": 0.8641692150866462,
                "f1-score": 0.8863969050606441,
                "support": 19620
            },
            "accuracy": 0.8596979166666666,
            "macro avg": {
                "precision": 0.86816859564349,
                "recall": 0.8603453675249874,
                "f1-score": 0.8637680005278529,
                "support": 96000
            },
            "weighted avg": {
                "precision": 0.8601285391795045,
                "recall": 0.8596979166666666,
                "f1-score": 0.8594426834435251,
                "support": 96000
            },
            "score": 0.8596979166666666
        },
        "val": {
            "0": {
                "precision": 0.9049295774647887,
                "recall": 0.8923611111111112,
                "f1-score": 0.8986013986013986,
                "support": 1440
            },
            "1": {
                "precision": 0.8374910905203136,
                "recall": 0.8788332086761406,
                "f1-score": 0.8576642335766423,
                "support": 1337
            },
            "2": {
                "precision": 0.8534031413612565,
                "recall": 0.6877637130801688,
                "f1-score": 0.7616822429906542,
                "support": 237
            },
            "accuracy": 0.8702720637027206,
            "macro avg": {
                "precision": 0.865274603115453,
                "recall": 0.8196526776224736,
                "f1-score": 0.8393159583895651,
                "support": 3014
            },
            "weighted avg": {
                "precision": 0.8709624167477017,
                "recall": 0.8702720637027206,
                "f1-score": 0.8696754432205609,
                "support": 3014
            },
            "score": 0.8702720637027206
        },
        "test": {
            "0": {
                "precision": 0.8850252383623107,
                "recall": 0.8766666666666667,
                "f1-score": 0.8808261233603126,
                "support": 1800
            },
            "1": {
                "precision": 0.8284566838783706,
                "recall": 0.8636363636363636,
                "f1-score": 0.8456808199121523,
                "support": 1672
            },
            "2": {
                "precision": 0.8921161825726142,
                "recall": 0.7288135593220338,
                "f1-score": 0.8022388059701493,
                "support": 295
            },
            "accuracy": 0.8593044863286435,
            "macro avg": {
                "precision": 0.8685327016044319,
                "recall": 0.8230388632083546,
                "f1-score": 0.8429152497475382,
                "support": 3767
            },
            "weighted avg": {
                "precision": 0.8604723329853241,
                "recall": 0.8593044863286435,
                "f1-score": 0.8590724185566434,
                "support": 3767
            },
            "score": 0.8593044863286435
        }
    }
}
