{
    "eval_type": "synthetic",
    "dataset": "data/california/",
    "metrics": {
        "train": {
            "rmse": 0.33986217878718505,
            "r2": 0.9109883746343483,
            "score": -0.33986217878718505
        },
        "val": {
            "rmse": 0.5170731776236707,
            "r2": 0.7949452611868335,
            "score": -0.5170731776236707
        },
        "test": {
            "rmse": 0.5211498228285396,
            "r2": 0.7917127885671661,
            "score": -0.5211498228285396
        }
    }
}
