{
    "eval_type": "synthetic",
    "dataset": "data/house/",
    "metrics": {
        "train": {
            "rmse": 98317.14221562252,
            "r2": 0.8146753979097344,
            "score": -98317.14221562252
        },
        "val": {
            "rmse": 40807.571282307974,
            "r2": 0.4411850370771675,
            "score": -40807.571282307974
        },
        "test": {
            "rmse": 41984.1939103273,
            "r2": 0.3894243341549648,
            "score": -41984.1939103273
        }
    }
}
