{
    "eval_type": "synthetic",
    "dataset": "data/wilt/",
    "metrics": {
        "train": {
            "0": {
                "precision": 0.8827492388417438,
                "recall": 0.9023905701609165,
                "f1-score": 0.8924618508088282,
                "support": 15101
            },
            "1": {
                "precision": 0.8425718252696786,
                "recall": 0.8133828229714404,
                "f1-score": 0.8277200713461337,
                "support": 9699
            },
            "accuracy": 0.8675806451612903,
            "macro avg": {
                "precision": 0.8626605320557112,
                "recall": 0.8578866965661784,
                "f1-score": 0.860090961077481,
                "support": 24800
            },
            "weighted avg": {
                "precision": 0.8670363060096687,
                "recall": 0.8675806451612903,
                "f1-score": 0.867142071816543,
                "support": 24800
            },
            "roc_auc": 0.9408243216505854,
            "score": 0.8675806451612903
        },
        "val": {
            "0": {
                "precision": 0.9916805324459235,
                "recall": 0.8130968622100955,
                "f1-score": 0.8935532233883058,
                "support": 733
            },
            "1": {
                "precision": 0.21264367816091953,
                "recall": 0.8809523809523809,
                "f1-score": 0.34259259259259256,
                "support": 42
            },
            "accuracy": 0.8167741935483871,
            "macro avg": {
                "precision": 0.6021621053034215,
                "recall": 0.8470246215812383,
                "f1-score": 0.6180729079904492,
                "support": 775
            },
            "weighted avg": {
                "precision": 0.9494617609878974,
                "recall": 0.8167741935483871,
                "f1-score": 0.8636947117838929,
                "support": 775
            },
            "roc_auc": 0.8885207561878776,
            "score": 0.8167741935483871
        },
        "test": {
            "0": {
                "precision": 0.9932795698924731,
                "recall": 0.8067685589519651,
                "f1-score": 0.8903614457831326,
                "support": 916
            },
            "1": {
                "precision": 0.20982142857142858,
                "recall": 0.9038461538461539,
                "f1-score": 0.34057971014492755,
                "support": 52
            },
            "accuracy": 0.8119834710743802,
            "macro avg": {
                "precision": 0.6015504992319508,
                "recall": 0.8553073563990594,
                "f1-score": 0.61547057796403,
                "support": 968
            },
            "weighted avg": {
                "precision": 0.9511929755239873,
                "recall": 0.8119834710743802,
                "f1-score": 0.8608277161827332,
                "support": 968
            },
            "roc_auc": 0.9008439704400403,
            "score": 0.8119834710743802
        }
    }
}
