{
    "eval_type": "synthetic",
    "dataset": "data/wilt/",
    "metrics": {
        "train": {
            "0": {
                "precision": 0.9985086710128255,
                "recall": 0.9999146612049837,
                "f1-score": 0.9992111715168959,
                "support": 23436
            },
            "1": {
                "precision": 0.9984973703981969,
                "recall": 0.9743401759530792,
                "f1-score": 0.9862708719851577,
                "support": 1364
            },
            "accuracy": 0.9985080645161291,
            "macro avg": {
                "precision": 0.9985030207055112,
                "recall": 0.9871274185790315,
                "f1-score": 0.9927410217510269,
                "support": 24800
            },
            "weighted avg": {
                "precision": 0.9985080494790209,
                "recall": 0.9985080645161291,
                "f1-score": 0.9984994550426501,
                "support": 24800
            },
            "roc_auc": 0.9999677164089233,
            "score": 0.9985080645161291
        },
        "val": {
            "0": {
                "precision": 1.0,
                "recall": 0.9945429740791268,
                "f1-score": 0.9972640218878249,
                "support": 733
            },
            "1": {
                "precision": 0.9130434782608695,
                "recall": 1.0,
                "f1-score": 0.9545454545454545,
                "support": 42
            },
            "accuracy": 0.9948387096774194,
            "macro avg": {
                "precision": 0.9565217391304348,
                "recall": 0.9972714870395634,
                "f1-score": 0.9759047382166397,
                "support": 775
            },
            "weighted avg": {
                "precision": 0.9952875175315568,
                "recall": 0.9948387096774194,
                "f1-score": 0.9949489511415287,
                "support": 775
            },
            "roc_auc": 0.9995452478399272,
            "score": 0.9948387096774194
        },
        "test": {
            "0": {
                "precision": 0.9912472647702407,
                "recall": 0.9890829694323144,
                "f1-score": 0.9901639344262296,
                "support": 916
            },
            "1": {
                "precision": 0.8148148148148148,
                "recall": 0.8461538461538461,
                "f1-score": 0.830188679245283,
                "support": 52
            },
            "accuracy": 0.981404958677686,
            "macro avg": {
                "precision": 0.9030310397925277,
                "recall": 0.9176184077930802,
                "f1-score": 0.9101763068357562,
                "support": 968
            },
            "weighted avg": {
                "precision": 0.9817694885329658,
                "recall": 0.981404958677686,
                "f1-score": 0.9815702223710548,
                "support": 968
            },
            "roc_auc": 0.9917702384951294,
            "score": 0.981404958677686
        }
    }
}
