{
    "eval_type": "synthetic",
    "dataset": "data/wilt/",
    "metrics": {
        "train": {
            "0": {
                "precision": 0.9949090302119846,
                "recall": 0.9994550408719346,
                "f1-score": 0.9971768543884231,
                "support": 23855
            },
            "1": {
                "precision": 0.9844497607655502,
                "recall": 0.870899470899471,
                "f1-score": 0.9241998877035372,
                "support": 945
            },
            "accuracy": 0.9945564516129032,
            "macro avg": {
                "precision": 0.9896793954887675,
                "recall": 0.9351772558857028,
                "f1-score": 0.9606883710459801,
                "support": 24800
            },
            "weighted avg": {
                "precision": 0.9945104814367071,
                "recall": 0.9945564516129032,
                "f1-score": 0.994396078843374,
                "support": 24800
            },
            "roc_auc": 0.9991243391788351,
            "score": 0.9945564516129032
        },
        "val": {
            "0": {
                "precision": 0.9798927613941019,
                "recall": 0.9972714870395635,
                "f1-score": 0.9885057471264368,
                "support": 733
            },
            "1": {
                "precision": 0.9310344827586207,
                "recall": 0.6428571428571429,
                "f1-score": 0.7605633802816901,
                "support": 42
            },
            "accuracy": 0.9780645161290322,
            "macro avg": {
                "precision": 0.9554636220763613,
                "recall": 0.8200643149483532,
                "f1-score": 0.8745345637040635,
                "support": 775
            },
            "weighted avg": {
                "precision": 0.9772449579067597,
                "recall": 0.9780645161290322,
                "f1-score": 0.9761527414393667,
                "support": 775
            },
            "roc_auc": 0.9951276554277919,
            "score": 0.9780645161290322
        },
        "test": {
            "0": {
                "precision": 0.9733475479744137,
                "recall": 0.9967248908296943,
                "f1-score": 0.9848975188781014,
                "support": 916
            },
            "1": {
                "precision": 0.9,
                "recall": 0.5192307692307693,
                "f1-score": 0.6585365853658537,
                "support": 52
            },
            "accuracy": 0.9710743801652892,
            "macro avg": {
                "precision": 0.9366737739872069,
                "recall": 0.7579778300302318,
                "f1-score": 0.8217170521219775,
                "support": 968
            },
            "weighted avg": {
                "precision": 0.969407390438598,
                "recall": 0.9710743801652892,
                "f1-score": 0.9673657331935592,
                "support": 968
            },
            "roc_auc": 0.9856189116560296,
            "score": 0.9710743801652892
        }
    }
}
