{
    "eval_type": "synthetic",
    "dataset": "data/buddy/",
    "metrics": {
        "train": {
            "0": {
                "precision": 0.9105207969241524,
                "recall": 0.9326888650196921,
                "f1-score": 0.9214715245843651,
                "support": 2793
            },
            "1": {
                "precision": 0.9097315436241611,
                "recall": 0.9069923051187688,
                "f1-score": 0.9083598592729101,
                "support": 2989
            },
            "2": {
                "precision": 0.8490566037735849,
                "recall": 0.6192660550458715,
                "f1-score": 0.7161803713527851,
                "support": 218
            },
            "accuracy": 0.9085,
            "macro avg": {
                "precision": 0.8897696481072995,
                "recall": 0.8196490750614441,
                "f1-score": 0.8486705850700201,
                "support": 6000
            },
            "weighted avg": {
                "precision": 0.907894418220736,
                "recall": 0.9085,
                "f1-score": 0.9074808180809611,
                "support": 6000
            },
            "score": 0.9085
        },
        "val": {
            "0": {
                "precision": 0.890495867768595,
                "recall": 0.8979166666666667,
                "f1-score": 0.8941908713692946,
                "support": 1440
            },
            "1": {
                "precision": 0.8252290345313601,
                "recall": 0.8758414360508602,
                "f1-score": 0.8497822931785195,
                "support": 1337
            },
            "2": {
                "precision": 0.951048951048951,
                "recall": 0.5738396624472574,
                "f1-score": 0.7157894736842106,
                "support": 237
            },
            "accuracy": 0.8626410086264101,
            "macro avg": {
                "precision": 0.8889246177829687,
                "recall": 0.7825325883882615,
                "f1-score": 0.8199208794106748,
                "support": 3014
            },
            "weighted avg": {
                "precision": 0.8663051991220326,
                "recall": 0.8626410086264101,
                "f1-score": 0.8604631340459931,
                "support": 3014
            },
            "score": 0.8626410086264101
        },
        "test": {
            "0": {
                "precision": 0.8991501416430595,
                "recall": 0.8816666666666667,
                "f1-score": 0.8903225806451612,
                "support": 1800
            },
            "1": {
                "precision": 0.8275669642857143,
                "recall": 0.8869617224880383,
                "f1-score": 0.8562355658198615,
                "support": 1672
            },
            "2": {
                "precision": 0.9476190476190476,
                "recall": 0.6745762711864407,
                "f1-score": 0.788118811881188,
                "support": 295
            },
            "accuracy": 0.8677993097955933,
            "macro avg": {
                "precision": 0.8914453845159405,
                "recall": 0.8144015534470487,
                "f1-score": 0.8448923194487369,
                "support": 3767
            },
            "weighted avg": {
                "precision": 0.8711733045635361,
                "recall": 0.8677993097955933,
                "f1-score": 0.8671891586719005,
                "support": 3767
            },
            "score": 0.8677993097955933
        }
    }
}
