{
    "eval_type": "synthetic",
    "dataset": "data/california/",
    "metrics": {
        "train": {
            "rmse": 0.7593081534742795,
            "r2": 0.6670059805983929,
            "score": -0.7593081534742795
        },
        "val": {
            "rmse": 0.7238480971791634,
            "r2": 0.5981529945634045,
            "score": -0.7238480971791634
        },
        "test": {
            "rmse": 0.7191964947283664,
            "r2": 0.6033270416085929,
            "score": -0.7191964947283664
        }
    }
}
