{
    "eval_type": "synthetic",
    "dataset": "data/buddy/",
    "metrics": {
        "train": {
            "0": {
                "precision": 0.8404408870227005,
                "recall": 0.8369266954135633,
                "f1-score": 0.8386801099908341,
                "support": 22959
            },
            "1": {
                "precision": 0.7770381971634909,
                "recall": 0.8397667967464385,
                "f1-score": 0.807185628742515,
                "support": 21269
            },
            "2": {
                "precision": 0.8303114830311483,
                "recall": 0.47348886532343587,
                "f1-score": 0.6030727671787945,
                "support": 3772
            },
            "accuracy": 0.809625,
            "macro avg": {
                "precision": 0.8159301890724465,
                "recall": 0.7167274524944792,
                "f1-score": 0.7496461686373812,
                "support": 48000
            },
            "weighted avg": {
                "precision": 0.8115508886378742,
                "recall": 0.809625,
                "f1-score": 0.8062099637667193,
                "support": 48000
            },
            "score": 0.809625
        },
        "val": {
            "0": {
                "precision": 0.896455872133426,
                "recall": 0.8958333333333334,
                "f1-score": 0.8961444946161863,
                "support": 1440
            },
            "1": {
                "precision": 0.8489469862018881,
                "recall": 0.8743455497382199,
                "f1-score": 0.8614591009579955,
                "support": 1337
            },
            "2": {
                "precision": 0.9040404040404041,
                "recall": 0.7552742616033755,
                "f1-score": 0.8229885057471266,
                "support": 237
            },
            "accuracy": 0.8752488387524884,
            "macro avg": {
                "precision": 0.8831477541252394,
                "recall": 0.8418177148916429,
                "f1-score": 0.8601973671071028,
                "support": 3014
            },
            "weighted avg": {
                "precision": 0.8759774891113583,
                "recall": 0.8752488387524884,
                "f1-score": 0.8750056954512997,
                "support": 3014
            },
            "score": 0.8752488387524884
        },
        "test": {
            "0": {
                "precision": 0.8921953958450309,
                "recall": 0.8827777777777778,
                "f1-score": 0.8874616029042167,
                "support": 1800
            },
            "1": {
                "precision": 0.8406214039125431,
                "recall": 0.8738038277511961,
                "f1-score": 0.8568914956011731,
                "support": 1672
            },
            "2": {
                "precision": 0.9032258064516129,
                "recall": 0.7593220338983051,
                "f1-score": 0.8250460405156538,
                "support": 295
            },
            "accuracy": 0.8691266259623042,
            "macro avg": {
                "precision": 0.8786808687363957,
                "recall": 0.8386345464757596,
                "f1-score": 0.8564663796736812,
                "support": 3767
            },
            "weighted avg": {
                "precision": 0.8701678557913602,
                "recall": 0.8691266259623042,
                "f1-score": 0.869005056497178,
                "support": 3767
            },
            "score": 0.8691266259623042
        }
    }
}
