{
    "eval_type": "synthetic",
    "dataset": "data/california/",
    "metrics": {
        "train": {
            "rmse": 0.40682694021873406,
            "r2": 0.9219951739950976,
            "score": -0.40682694021873406
        },
        "val": {
            "rmse": 0.6002313478451661,
            "r2": 0.7236858187792163,
            "score": -0.6002313478451661
        },
        "test": {
            "rmse": 0.6190521085659175,
            "r2": 0.7061052384582645,
            "score": -0.6190521085659175
        }
    }
}
