{
    "eval_type": "synthetic",
    "dataset": "data/insurance/",
    "metrics": {
        "train": {
            "rmse": 5701.7045914956025,
            "r2": 0.9028200021780085,
            "score": -5701.7045914956025
        },
        "val": {
            "rmse": 5267.6349558911215,
            "r2": 0.7934978909433853,
            "score": -5267.6349558911215
        },
        "test": {
            "rmse": 5092.959256743618,
            "r2": 0.7862553390545779,
            "score": -5092.959256743618
        }
    }
}
