{
    "eval_type": "synthetic",
    "dataset": "data/diabetes/",
    "metrics": {
        "train": {
            "0": {
                "precision": 0.8714285714285714,
                "recall": 0.7507692307692307,
                "f1-score": 0.8066115702479338,
                "support": 325.0
            },
            "1": {
                "precision": 0.6318181818181818,
                "recall": 0.7942857142857143,
                "f1-score": 0.7037974683544304,
                "support": 175.0
            },
            "accuracy": 0.766,
            "macro avg": {
                "precision": 0.7516233766233766,
                "recall": 0.7725274725274724,
                "f1-score": 0.755204519301182,
                "support": 500.0
            },
            "weighted avg": {
                "precision": 0.7875649350649351,
                "recall": 0.766,
                "f1-score": 0.7706266345852076,
                "support": 500.0
            },
            "roc_auc": 0.792,
            "score": 0.766
        },
        "val": {
            "0": {
                "precision": 0.7974683544303798,
                "recall": 0.7875,
                "f1-score": 0.7924528301886793,
                "support": 80.0
            },
            "1": {
                "precision": 0.6136363636363636,
                "recall": 0.627906976744186,
                "f1-score": 0.6206896551724138,
                "support": 43.0
            },
            "accuracy": 0.7317073170731707,
            "macro avg": {
                "precision": 0.7055523590333717,
                "recall": 0.707703488372093,
                "f1-score": 0.7065712426805466,
                "support": 123.0
            },
            "weighted avg": {
                "precision": 0.7332018861040164,
                "recall": 0.7317073170731707,
                "f1-score": 0.7324055413618548,
                "support": 123.0
            },
            "roc_auc": 0.7534883720930232,
            "score": 0.7317073170731707
        },
        "test": {
            "0": {
                "precision": 0.8409090909090909,
                "recall": 0.74,
                "f1-score": 0.7872340425531915,
                "support": 100.0
            },
            "1": {
                "precision": 0.6060606060606061,
                "recall": 0.7407407407407407,
                "f1-score": 0.6666666666666666,
                "support": 54.0
            },
            "accuracy": 0.7402597402597403,
            "macro avg": {
                "precision": 0.7234848484848485,
                "recall": 0.7403703703703703,
                "f1-score": 0.7269503546099291,
                "support": 154.0
            },
            "weighted avg": {
                "precision": 0.7585596221959858,
                "recall": 0.7402597402597403,
                "f1-score": 0.7449571704890854,
                "support": 154.0
            },
            "roc_auc": 0.7614814814814816,
            "score": 0.7402597402597403
        }
    }
}
