{
    "eval_type": "synthetic",
    "dataset": "data/abalone/",
    "metrics": {
        "train": {
            "rmse": 2.601229279841489,
            "r2": 0.757942184332036,
            "score": -2.601229279841489
        },
        "val": {
            "rmse": 2.1146962217468133,
            "r2": 0.5418147266219298,
            "score": -2.1146962217468133
        },
        "test": {
            "rmse": 2.0992191242974965,
            "r2": 0.5156900027609124,
            "score": -2.0992191242974965
        }
    }
}
