{
    "eval_type": "synthetic",
    "dataset": "data/insurance/",
    "metrics": {
        "train": {
            "rmse": 4736.673870200476,
            "r2": 0.9187374831411582,
            "score": -4736.673870200476
        },
        "val": {
            "rmse": 5196.199812683564,
            "r2": 0.7990607229215587,
            "score": -5196.199812683564
        },
        "test": {
            "rmse": 4963.757811232939,
            "r2": 0.7969626022032272,
            "score": -4963.757811232939
        }
    }
}
