{
    "eval_type": "synthetic",
    "dataset": "data/cardio/",
    "metrics": {
        "train": {
            "0": {
                "precision": 0.6735711714243066,
                "recall": 0.7342592415337788,
                "f1-score": 0.7026071505442822,
                "support": 104474
            },
            "1": {
                "precision": 0.580067460257438,
                "recall": 0.5077721579323676,
                "f1-score": 0.54151751989212,
                "support": 75526
            },
            "accuracy": 0.6392277777777777,
            "macro avg": {
                "precision": 0.6268193158408724,
                "recall": 0.6210156997330731,
                "f1-score": 0.6220623352182011,
                "support": 180000
            },
            "weighted avg": {
                "precision": 0.6343380531488125,
                "recall": 0.6392277777777777,
                "f1-score": 0.63501573140742,
                "support": 180000
            },
            "roc_auc": 0.6632581753792314,
            "score": 0.6392277777777777
        },
        "val": {
            "0": {
                "precision": 0.5668109402339073,
                "recall": 0.8821843199082701,
                "f1-score": 0.6901771697690064,
                "support": 6977
            },
            "1": {
                "precision": 0.7382999044890163,
                "recall": 0.33020076890217853,
                "f1-score": 0.4563164108618654,
                "support": 7023
            },
            "accuracy": 0.6052857142857143,
            "macro avg": {
                "precision": 0.6525554223614618,
                "recall": 0.6061925444052243,
                "f1-score": 0.5732467903154359,
                "support": 14000
            },
            "weighted avg": {
                "precision": 0.6528371542313095,
                "recall": 0.6052857142857143,
                "f1-score": 0.5728625904972313,
                "support": 14000
            },
            "roc_auc": 0.7100880027868056,
            "score": 0.6052857142857143
        },
        "test": {
            "0": {
                "precision": 0.5663411832280298,
                "recall": 0.8839878070647301,
                "f1-score": 0.6903794986696541,
                "support": 5577
            },
            "1": {
                "precision": 0.7406813627254509,
                "recall": 0.3286501867330606,
                "f1-score": 0.45528455284552843,
                "support": 5623
            },
            "accuracy": 0.6051785714285715,
            "macro avg": {
                "precision": 0.6535112729767404,
                "recall": 0.6063189968988953,
                "f1-score": 0.5728320257575913,
                "support": 11200
            },
            "weighted avg": {
                "precision": 0.6538692929882083,
                "recall": 0.6051785714285715,
                "f1-score": 0.5723492414938454,
                "support": 11200
            },
            "roc_auc": 0.7061467331512065,
            "score": 0.6051785714285715
        }
    }
}
