{
    "eval_type": "synthetic",
    "dataset": "data/king/",
    "metrics": {
        "train": {
            "rmse": 211737.00743756106,
            "r2": 0.7287896085972343,
            "score": -211737.00743756106
        },
        "val": {
            "rmse": 197514.36943100634,
            "r2": 0.6796174234231924,
            "score": -197514.36943100634
        },
        "test": {
            "rmse": 194991.79806519335,
            "r2": 0.6921925239271688,
            "score": -194991.79806519335
        }
    }
}
