{
    "eval_type": "synthetic",
    "dataset": "data/churn2/",
    "metrics": {
        "train": {
            "0": {
                "precision": 0.9096012567573811,
                "recall": 0.9657819858712716,
                "f1-score": 0.936850120160849,
                "support": 40768
            },
            "1": {
                "precision": 0.8237300985595147,
                "recall": 0.6249041411042945,
                "f1-score": 0.7106726261855445,
                "support": 10432
            },
            "accuracy": 0.896328125,
            "macro avg": {
                "precision": 0.8666656776584479,
                "recall": 0.795343063487783,
                "f1-score": 0.8237613731731968,
                "support": 51200
            },
            "weighted avg": {
                "precision": 0.8921050082745658,
                "recall": 0.896328125,
                "f1-score": 0.8907664557633806,
                "support": 51200
            },
            "roc_auc": 0.9279085177983784,
            "score": 0.896328125
        },
        "val": {
            "0": {
                "precision": 0.8897058823529411,
                "recall": 0.9497645211930926,
                "f1-score": 0.9187547456340166,
                "support": 1274
            },
            "1": {
                "precision": 0.7333333333333333,
                "recall": 0.5398773006134969,
                "f1-score": 0.6219081272084804,
                "support": 326
            },
            "accuracy": 0.86625,
            "macro avg": {
                "precision": 0.8115196078431373,
                "recall": 0.7448209109032948,
                "f1-score": 0.7703314364212486,
                "support": 1600
            },
            "weighted avg": {
                "precision": 0.857844975490196,
                "recall": 0.86625,
                "f1-score": 0.8582722471298134,
                "support": 1600
            },
            "roc_auc": 0.8651053153682426,
            "score": 0.86625
        },
        "test": {
            "0": {
                "precision": 0.877121123464014,
                "recall": 0.9409918392969241,
                "f1-score": 0.9079345850999394,
                "support": 1593
            },
            "1": {
                "precision": 0.6769759450171822,
                "recall": 0.48402948402948404,
                "f1-score": 0.5644699140401146,
                "support": 407
            },
            "accuracy": 0.848,
            "macro avg": {
                "precision": 0.7770485342405982,
                "recall": 0.7125106616632041,
                "f1-score": 0.736202249570027,
                "support": 2000
            },
            "weighted avg": {
                "precision": 0.8363915796500837,
                "recall": 0.848,
                "f1-score": 0.838039524539265,
                "support": 2000
            },
            "roc_auc": 0.848287424558611,
            "score": 0.848
        }
    }
}
