{
    "eval_type": "synthetic",
    "dataset": "data/house/",
    "metrics": {
        "train": {
            "rmse": 158573.66331798906,
            "r2": 0.5601924051009445,
            "score": -158573.66331798906
        },
        "val": {
            "rmse": 37880.976146561836,
            "r2": 0.5184638961054088,
            "score": -37880.976146561836
        },
        "test": {
            "rmse": 38368.56874972324,
            "r2": 0.4900600485230123,
            "score": -38368.56874972324
        }
    }
}
