{
    "eval_type": "synthetic",
    "dataset": "data/house/",
    "metrics": {
        "train": {
            "rmse": 35002.61947954276,
            "r2": 0.5703561882591535,
            "score": -35002.61947954276
        },
        "val": {
            "rmse": 37358.34529310857,
            "r2": 0.5316593795985896,
            "score": -37358.34529310857
        },
        "test": {
            "rmse": 38131.11584961618,
            "r2": 0.4963522624463367,
            "score": -38131.11584961618
        }
    }
}
