{
    "eval_type": "synthetic",
    "dataset": "data/buddy/",
    "metrics": {
        "train": {
            "0": {
                "precision": 0.590863676731794,
                "recall": 0.9273051962193475,
                "f1-score": 0.7218050211049144,
                "support": 22959
            },
            "1": {
                "precision": 0.7846774193548387,
                "recall": 0.41172598617706524,
                "f1-score": 0.5400721576366833,
                "support": 21269
            },
            "2": {
                "precision": 0.7883663366336634,
                "recall": 0.16887592788971367,
                "f1-score": 0.27816593886462876,
                "support": 3772
            },
            "accuracy": 0.63925,
            "macro avg": {
                "precision": 0.721302477573432,
                "recall": 0.5026357034287088,
                "f1-score": 0.5133477058687421,
                "support": 48000
            },
            "weighted avg": {
                "precision": 0.6922637710026146,
                "recall": 0.63925,
                "f1-score": 0.6064157942024944,
                "support": 48000
            },
            "score": 0.63925
        },
        "val": {
            "0": {
                "precision": 0.865567533291059,
                "recall": 0.9479166666666666,
                "f1-score": 0.9048723897911833,
                "support": 1440
            },
            "1": {
                "precision": 0.8923444976076556,
                "recall": 0.8369483919222139,
                "f1-score": 0.8637591663450406,
                "support": 1337
            },
            "2": {
                "precision": 0.9672131147540983,
                "recall": 0.7468354430379747,
                "f1-score": 0.8428571428571427,
                "support": 237
            },
            "accuracy": 0.882879893828799,
            "macro avg": {
                "precision": 0.9083750485509375,
                "recall": 0.8439001672089518,
                "f1-score": 0.8704962329977889,
                "support": 3014
            },
            "weighted avg": {
                "precision": 0.8854384039274326,
                "recall": 0.882879893828799,
                "f1-score": 0.8817582579826696,
                "support": 3014
            },
            "score": 0.882879893828799
        },
        "test": {
            "0": {
                "precision": 0.8612658227848101,
                "recall": 0.945,
                "f1-score": 0.9011920529801324,
                "support": 1800
            },
            "1": {
                "precision": 0.8926045016077171,
                "recall": 0.8301435406698564,
                "f1-score": 0.8602417105670901,
                "support": 1672
            },
            "2": {
                "precision": 0.9578059071729957,
                "recall": 0.7694915254237288,
                "f1-score": 0.8533834586466165,
                "support": 295
            },
            "accuracy": 0.8802760817626759,
            "macro avg": {
                "precision": 0.9038920771885076,
                "recall": 0.8482116886978618,
                "f1-score": 0.8716057407312796,
                "support": 3767
            },
            "weighted avg": {
                "precision": 0.8827358508937602,
                "recall": 0.8802760817626759,
                "f1-score": 0.8792720880629585,
                "support": 3767
            },
            "score": 0.8802760817626759
        }
    }
}
