{
    "eval_type": "synthetic",
    "dataset": "data/insurance/",
    "metrics": {
        "train": {
            "rmse": 6114.614288098224,
            "r2": 0.7694348315707309,
            "score": -6114.614288098224
        },
        "val": {
            "rmse": 5068.157008023794,
            "r2": 0.8088416510816522,
            "score": -5068.157008023794
        },
        "test": {
            "rmse": 5080.592079226275,
            "r2": 0.7872921463567467,
            "score": -5080.592079226275
        }
    }
}
