{
    "eval_type": "synthetic",
    "dataset": "data/king/",
    "metrics": {
        "train": {
            "rmse": 3368248.4908731445,
            "r2": 0.06683791628620395,
            "score": -3368248.4908731445
        },
        "val": {
            "rmse": 2138285.8436110998,
            "r2": -36.54940139940236,
            "score": -2138285.8436110998
        },
        "test": {
            "rmse": 2140819.850127412,
            "r2": -36.10280310995197,
            "score": -2140819.850127412
        }
    }
}
