{
    "eval_type": "synthetic",
    "dataset": "data/wilt/",
    "metrics": {
        "train": {
            "0": {
                "precision": 0.9996160900908587,
                "recall": 0.9999146612049837,
                "f1-score": 0.9997653533565135,
                "support": 23436
            },
            "1": {
                "precision": 0.9985261606484893,
                "recall": 0.9934017595307918,
                "f1-score": 0.9959573686144799,
                "support": 1364
            },
            "accuracy": 0.9995564516129032,
            "macro avg": {
                "precision": 0.999071125369674,
                "recall": 0.9966582103678878,
                "f1-score": 0.9978613609854967,
                "support": 24800
            },
            "weighted avg": {
                "precision": 0.9995561439715284,
                "recall": 0.9995564516129032,
                "f1-score": 0.9995559141957017,
                "support": 24800
            },
            "roc_auc": 0.9999929457850895,
            "score": 0.9995564516129032
        },
        "val": {
            "0": {
                "precision": 1.0,
                "recall": 0.9918144611186903,
                "f1-score": 0.9958904109589041,
                "support": 733
            },
            "1": {
                "precision": 0.875,
                "recall": 1.0,
                "f1-score": 0.9333333333333333,
                "support": 42
            },
            "accuracy": 0.9922580645161291,
            "macro avg": {
                "precision": 0.9375,
                "recall": 0.9959072305593452,
                "f1-score": 0.9646118721461188,
                "support": 775
            },
            "weighted avg": {
                "precision": 0.993225806451613,
                "recall": 0.9922580645161291,
                "f1-score": 0.9925002209456474,
                "support": 775
            },
            "roc_auc": 0.9992853894627428,
            "score": 0.9922580645161291
        },
        "test": {
            "0": {
                "precision": 0.9912280701754386,
                "recall": 0.9868995633187773,
                "f1-score": 0.9890590809628008,
                "support": 916
            },
            "1": {
                "precision": 0.7857142857142857,
                "recall": 0.8461538461538461,
                "f1-score": 0.8148148148148148,
                "support": 52
            },
            "accuracy": 0.9793388429752066,
            "macro avg": {
                "precision": 0.8884711779448622,
                "recall": 0.9165267047363117,
                "f1-score": 0.9019369478888077,
                "support": 968
            },
            "weighted avg": {
                "precision": 0.9801880734895089,
                "recall": 0.9793388429752066,
                "f1-score": 0.9796988517895618,
                "support": 968
            },
            "roc_auc": 0.992169129996641,
            "score": 0.9793388429752066
        }
    }
}
