{
    "eval_type": "synthetic",
    "dataset": "data/abalone/",
    "metrics": {
        "train": {
            "rmse": 2.385789648714328,
            "r2": 0.6705274003188031,
            "score": -2.385789648714328
        },
        "val": {
            "rmse": 2.104189603607299,
            "r2": 0.5463562951135513,
            "score": -2.104189603607299
        },
        "test": {
            "rmse": 2.132002237782553,
            "r2": 0.5004451291120371,
            "score": -2.132002237782553
        }
    }
}
