{
    "eval_type": "synthetic",
    "dataset": "data/higgs-small/",
    "metrics": {
        "train": {
            "0": {
                "precision": 0.6560002952628762,
                "recall": 0.5874925629668805,
                "f1-score": 0.6198592814110221,
                "support": 60508
            },
            "1": {
                "precision": 0.6494923537093988,
                "recall": 0.7127380878998952,
                "f1-score": 0.6796470320272147,
                "support": 64892
            },
            "accuracy": 0.652304625199362,
            "macro avg": {
                "precision": 0.6527463244861376,
                "recall": 0.6501153254333878,
                "f1-score": 0.6497531567191184,
                "support": 125400
            },
            "weighted avg": {
                "precision": 0.652632565252603,
                "recall": 0.652304625199362,
                "f1-score": 0.6507982504141,
                "support": 125400
            },
            "roc_auc": 0.7111983259268857,
            "score": 0.652304625199362
        },
        "val": {
            "0": {
                "precision": 0.5920587819697612,
                "recall": 0.5665224445646295,
                "f1-score": 0.5790091895253231,
                "support": 7396
            },
            "1": {
                "precision": 0.6276855185228196,
                "recall": 0.6518330921369995,
                "f1-score": 0.6395314441223451,
                "support": 8292
            },
            "accuracy": 0.6116139724630291,
            "macro avg": {
                "precision": 0.6098721502462905,
                "recall": 0.6091777683508145,
                "f1-score": 0.609270316823834,
                "support": 15688
            },
            "weighted avg": {
                "precision": 0.6108895379296007,
                "recall": 0.6116139724630291,
                "f1-score": 0.6109986422993228,
                "support": 15688
            },
            "roc_auc": 0.6488965854739018,
            "score": 0.6116139724630291
        },
        "test": {
            "0": {
                "precision": 0.5903559127439725,
                "recall": 0.5561925365062196,
                "f1-score": 0.572765246449457,
                "support": 9245
            },
            "1": {
                "precision": 0.6235779816513761,
                "recall": 0.6557645923781958,
                "f1-score": 0.6392664001881024,
                "support": 10365
            },
            "accuracy": 0.6088220295767466,
            "macro avg": {
                "precision": 0.6069669471976743,
                "recall": 0.6059785644422078,
                "f1-score": 0.6060158233187798,
                "support": 19610
            },
            "weighted avg": {
                "precision": 0.6079156651266975,
                "recall": 0.6088220295767466,
                "f1-score": 0.6079148873725095,
                "support": 19610
            },
            "roc_auc": 0.6472726082102762,
            "score": 0.6088220295767466
        }
    }
}
