{
    "eval_type": "synthetic",
    "dataset": "data/churn2/",
    "metrics": {
        "train": {
            "0": {
                "precision": 0.8851788603271616,
                "recall": 0.9534343385449441,
                "f1-score": 0.9180396634895482,
                "support": 20659
            },
            "1": {
                "precision": 0.7433297758804696,
                "recall": 0.5216251638269986,
                "f1-score": 0.6130487402354494,
                "support": 5341
            },
            "accuracy": 0.8647307692307692,
            "macro avg": {
                "precision": 0.8142543181038155,
                "recall": 0.7375297511859713,
                "f1-score": 0.7655442018624988,
                "support": 26000
            },
            "weighted avg": {
                "precision": 0.8560397849414009,
                "recall": 0.8647307692307692,
                "f1-score": 0.8553874896010812,
                "support": 26000
            },
            "roc_auc": 0.8955469969975182,
            "score": 0.8647307692307692
        },
        "val": {
            "0": {
                "precision": 0.8968133535660091,
                "recall": 0.9277864992150706,
                "f1-score": 0.9120370370370371,
                "support": 1274
            },
            "1": {
                "precision": 0.6737588652482269,
                "recall": 0.5828220858895705,
                "f1-score": 0.625,
                "support": 326
            },
            "accuracy": 0.8575,
            "macro avg": {
                "precision": 0.785286109407118,
                "recall": 0.7553042925523206,
                "f1-score": 0.7685185185185186,
                "support": 1600
            },
            "weighted avg": {
                "precision": 0.8513660015712611,
                "recall": 0.8575,
                "f1-score": 0.8535532407407408,
                "support": 1600
            },
            "roc_auc": 0.8452533443769202,
            "score": 0.8575
        },
        "test": {
            "0": {
                "precision": 0.8838049367850692,
                "recall": 0.9215317011927181,
                "f1-score": 0.9022741241548863,
                "support": 1593
            },
            "1": {
                "precision": 0.6312684365781711,
                "recall": 0.5257985257985258,
                "f1-score": 0.5737265415549598,
                "support": 407
            },
            "accuracy": 0.841,
            "macro avg": {
                "precision": 0.7575366866816202,
                "recall": 0.723665113495622,
                "f1-score": 0.7380003328549231,
                "support": 2000
            },
            "weighted avg": {
                "precision": 0.8324137589929654,
                "recall": 0.841,
                "f1-score": 0.8354146910958012,
                "support": 2000
            },
            "roc_auc": 0.8410243833972648,
            "score": 0.841
        }
    }
}
