{
    "eval_type": "synthetic",
    "dataset": "data/diabetes/",
    "metrics": {
        "train": {
            "0": {
                "precision": 0.8132530120481928,
                "recall": 0.8307692307692308,
                "f1-score": 0.821917808219178,
                "support": 325.0
            },
            "1": {
                "precision": 0.6726190476190477,
                "recall": 0.6457142857142857,
                "f1-score": 0.6588921282798834,
                "support": 175.0
            },
            "accuracy": 0.766,
            "macro avg": {
                "precision": 0.7429360298336203,
                "recall": 0.7382417582417582,
                "f1-score": 0.7404049682495307,
                "support": 500.0
            },
            "weighted avg": {
                "precision": 0.764031124497992,
                "recall": 0.766,
                "f1-score": 0.7648588202404248,
                "support": 500.0
            },
            "roc_auc": 0.8209142857142857,
            "score": 0.766
        },
        "val": {
            "0": {
                "precision": 0.788235294117647,
                "recall": 0.8375,
                "f1-score": 0.8121212121212121,
                "support": 80.0
            },
            "1": {
                "precision": 0.6578947368421053,
                "recall": 0.5813953488372093,
                "f1-score": 0.6172839506172839,
                "support": 43.0
            },
            "accuracy": 0.7479674796747967,
            "macro avg": {
                "precision": 0.7230650154798761,
                "recall": 0.7094476744186047,
                "f1-score": 0.714702581369248,
                "support": 123.0
            },
            "weighted avg": {
                "precision": 0.7426690830375796,
                "recall": 0.7479674796747967,
                "f1-score": 0.74400737273366,
                "support": 123.0
            },
            "roc_auc": 0.7454941860465115,
            "score": 0.7479674796747967
        },
        "test": {
            "0": {
                "precision": 0.84,
                "recall": 0.84,
                "f1-score": 0.84,
                "support": 100.0
            },
            "1": {
                "precision": 0.7037037037037037,
                "recall": 0.7037037037037037,
                "f1-score": 0.7037037037037037,
                "support": 54.0
            },
            "accuracy": 0.7922077922077922,
            "macro avg": {
                "precision": 0.7718518518518518,
                "recall": 0.7718518518518518,
                "f1-score": 0.7718518518518518,
                "support": 154.0
            },
            "weighted avg": {
                "precision": 0.7922077922077922,
                "recall": 0.7922077922077922,
                "f1-score": 0.7922077922077922,
                "support": 154.0
            },
            "roc_auc": 0.817962962962963,
            "score": 0.7922077922077922
        }
    }
}
