{
    "eval_type": "synthetic",
    "dataset": "data/king/",
    "metrics": {
        "train": {
            "rmse": 243137.18154234847,
            "r2": 0.5132680762579822,
            "score": -243137.18154234847
        },
        "val": {
            "rmse": 237567.34093362174,
            "r2": 0.5365050892074015,
            "score": -237567.34093362174
        },
        "test": {
            "rmse": 233239.53094750483,
            "r2": 0.5595964667922748,
            "score": -233239.53094750483
        }
    }
}
