{
    "eval_type": "synthetic",
    "dataset": "data/house/",
    "metrics": {
        "train": {
            "rmse": 35792.81464264457,
            "r2": 0.4025523505274683,
            "score": -35792.81464264457
        },
        "val": {
            "rmse": 42767.4413351622,
            "r2": 0.3862195420882749,
            "score": -42767.4413351622
        },
        "test": {
            "rmse": 42882.1267483184,
            "r2": 0.36302780009058044,
            "score": -42882.1267483184
        }
    }
}
