{
    "eval_type": "synthetic",
    "dataset": "data/wilt/",
    "metrics": {
        "train": {
            "0": {
                "precision": 0.9982956966340009,
                "recall": 0.9997439836149513,
                "f1-score": 0.999019315226197,
                "support": 23436
            },
            "1": {
                "precision": 0.9954887218045113,
                "recall": 0.9706744868035191,
                "f1-score": 0.9829250185597626,
                "support": 1364
            },
            "accuracy": 0.9981451612903226,
            "macro avg": {
                "precision": 0.996892209219256,
                "recall": 0.9852092352092352,
                "f1-score": 0.9909721668929798,
                "support": 24800
            },
            "weighted avg": {
                "precision": 0.9981413130183789,
                "recall": 0.9981451612903226,
                "f1-score": 0.9981341289095431,
                "support": 24800
            },
            "roc_auc": 0.9999272055073304,
            "score": 0.9981451612903226
        },
        "val": {
            "0": {
                "precision": 1.0,
                "recall": 0.9931787175989086,
                "f1-score": 0.9965776865160849,
                "support": 733
            },
            "1": {
                "precision": 0.8936170212765957,
                "recall": 1.0,
                "f1-score": 0.9438202247191011,
                "support": 42
            },
            "accuracy": 0.9935483870967742,
            "macro avg": {
                "precision": 0.9468085106382979,
                "recall": 0.9965893587994543,
                "f1-score": 0.970198955617593,
                "support": 775
            },
            "weighted avg": {
                "precision": 0.9942347288949896,
                "recall": 0.9935483870967742,
                "f1-score": 0.9937185724574097,
                "support": 775
            },
            "roc_auc": 0.999382836354187,
            "score": 0.9935483870967742
        },
        "test": {
            "0": {
                "precision": 0.9912376779846659,
                "recall": 0.9879912663755459,
                "f1-score": 0.989611809732094,
                "support": 916
            },
            "1": {
                "precision": 0.8,
                "recall": 0.8461538461538461,
                "f1-score": 0.8224299065420562,
                "support": 52
            },
            "accuracy": 0.9803719008264463,
            "macro avg": {
                "precision": 0.895618838992333,
                "recall": 0.917072556264696,
                "f1-score": 0.906020858137075,
                "support": 968
            },
            "weighted avg": {
                "precision": 0.980964579580531,
                "recall": 0.9803719008264463,
                "f1-score": 0.9806309636929597,
                "support": 968
            },
            "roc_auc": 0.9930298958683239,
            "score": 0.9803719008264463
        }
    }
}
