{
    "eval_type": "synthetic",
    "dataset": "data/wilt/",
    "metrics": {
        "train": {
            "0": {
                "precision": 0.9988915888647312,
                "recall": 0.9997866530124595,
                "f1-score": 0.9993389205211866,
                "support": 23436
            },
            "1": {
                "precision": 0.996276991809382,
                "recall": 0.9809384164222874,
                "f1-score": 0.9885482083487255,
                "support": 1364
            },
            "accuracy": 0.99875,
            "macro avg": {
                "precision": 0.9975842903370566,
                "recall": 0.9903625347173735,
                "f1-score": 0.993943564434956,
                "support": 24800
            },
            "weighted avg": {
                "precision": 0.9987477860266871,
                "recall": 0.99875,
                "f1-score": 0.9987454313517012,
                "support": 24800
            },
            "roc_auc": 0.9999699374699373,
            "score": 0.99875
        },
        "val": {
            "0": {
                "precision": 0.9986282578875172,
                "recall": 0.9931787175989086,
                "f1-score": 0.9958960328317373,
                "support": 733
            },
            "1": {
                "precision": 0.8913043478260869,
                "recall": 0.9761904761904762,
                "f1-score": 0.9318181818181818,
                "support": 42
            },
            "accuracy": 0.9922580645161291,
            "macro avg": {
                "precision": 0.944966302856802,
                "recall": 0.9846845968946925,
                "f1-score": 0.9638571073249595,
                "support": 775
            },
            "weighted avg": {
                "precision": 0.9928119943745106,
                "recall": 0.9922580645161291,
                "f1-score": 0.9924234267122931,
                "support": 775
            },
            "roc_auc": 0.9995452478399273,
            "score": 0.9922580645161291
        },
        "test": {
            "0": {
                "precision": 0.9912472647702407,
                "recall": 0.9890829694323144,
                "f1-score": 0.9901639344262296,
                "support": 916
            },
            "1": {
                "precision": 0.8148148148148148,
                "recall": 0.8461538461538461,
                "f1-score": 0.830188679245283,
                "support": 52
            },
            "accuracy": 0.981404958677686,
            "macro avg": {
                "precision": 0.9030310397925277,
                "recall": 0.9176184077930802,
                "f1-score": 0.9101763068357562,
                "support": 968
            },
            "weighted avg": {
                "precision": 0.9817694885329658,
                "recall": 0.981404958677686,
                "f1-score": 0.9815702223710548,
                "support": 968
            },
            "roc_auc": 0.9917072556264697,
            "score": 0.981404958677686
        }
    }
}
