{
    "eval_type": "synthetic",
    "dataset": "data/insurance/",
    "metrics": {
        "train": {
            "rmse": 4632.549505579067,
            "r2": 0.9172492704774589,
            "score": -4632.549505579067
        },
        "val": {
            "rmse": 5337.257548712121,
            "r2": 0.7880031197449586,
            "score": -5337.257548712121
        },
        "test": {
            "rmse": 5121.078521457495,
            "r2": 0.7838885677684948,
            "score": -5121.078521457495
        }
    }
}
