{
    "eval_type": "synthetic",
    "dataset": "data/insurance/",
    "metrics": {
        "train": {
            "rmse": 3893.177054592944,
            "r2": 0.898624409546041,
            "score": -3893.177054592944
        },
        "val": {
            "rmse": 4763.779258405889,
            "r2": 0.8311129273936169,
            "score": -4763.779258405889
        },
        "test": {
            "rmse": 4744.90195071502,
            "r2": 0.8144720453299166,
            "score": -4744.90195071502
        }
    }
}
