{
    "eval_type": "synthetic",
    "dataset": "data/wilt/",
    "metrics": {
        "train": {
            "0": {
                "precision": 0.9983809807847983,
                "recall": 0.9998719918074757,
                "f1-score": 0.999125930031765,
                "support": 23436
            },
            "1": {
                "precision": 0.9977426636568849,
                "recall": 0.9721407624633431,
                "f1-score": 0.9847753434831044,
                "support": 1364
            },
            "accuracy": 0.9983467741935483,
            "macro avg": {
                "precision": 0.9980618222208416,
                "recall": 0.9860063771354094,
                "f1-score": 0.9919506367574347,
                "support": 24800
            },
            "weighted avg": {
                "precision": 0.9983458733427631,
                "recall": 0.9983467741935483,
                "f1-score": 0.9983366477715886,
                "support": 24800
            },
            "roc_auc": 0.9999240616111064,
            "score": 0.9983467741935483
        },
        "val": {
            "0": {
                "precision": 1.0,
                "recall": 0.9959072305593452,
                "f1-score": 0.9979494190020505,
                "support": 733
            },
            "1": {
                "precision": 0.9333333333333333,
                "recall": 1.0,
                "f1-score": 0.9655172413793104,
                "support": 42
            },
            "accuracy": 0.9961290322580645,
            "macro avg": {
                "precision": 0.9666666666666667,
                "recall": 0.9979536152796726,
                "f1-score": 0.9817333301906804,
                "support": 775
            },
            "weighted avg": {
                "precision": 0.9963870967741936,
                "recall": 0.9961290322580645,
                "f1-score": 0.9961918042147536,
                "support": 775
            },
            "roc_auc": 0.9996426947313714,
            "score": 0.9961290322580645
        },
        "test": {
            "0": {
                "precision": 0.9934138309549945,
                "recall": 0.9879912663755459,
                "f1-score": 0.9906951286261632,
                "support": 916
            },
            "1": {
                "precision": 0.8070175438596491,
                "recall": 0.8846153846153846,
                "f1-score": 0.8440366972477065,
                "support": 52
            },
            "accuracy": 0.9824380165289256,
            "macro avg": {
                "precision": 0.9002156874073217,
                "recall": 0.9363033254954652,
                "f1-score": 0.9173659129369348,
                "support": 968
            },
            "weighted avg": {
                "precision": 0.9834008072680545,
                "recall": 0.9824380165289256,
                "f1-score": 0.9828167831388908,
                "support": 968
            },
            "roc_auc": 0.9921271414175344,
            "score": 0.9824380165289256
        }
    }
}
