{
    "eval_type": "synthetic",
    "dataset": "data/adult/",
    "metrics": {
        "train": {
            "0": {
                "precision": 0.8869583717466847,
                "recall": 0.934636941088554,
                "f1-score": 0.9101736852319038,
                "support": 40145
            },
            "1": {
                "precision": 0.7756689749508421,
                "recall": 0.6548538433778419,
                "f1-score": 0.7101596743894802,
                "support": 13855
            },
            "accuracy": 0.8628518518518519,
            "macro avg": {
                "precision": 0.8313136733487634,
                "recall": 0.794745392233198,
                "f1-score": 0.810166679810692,
                "support": 54000
            },
            "weighted avg": {
                "precision": 0.8584043978095292,
                "recall": 0.8628518518518519,
                "f1-score": 0.8588552755981672,
                "support": 54000
            },
            "roc_auc": 0.9163635556222371,
            "score": 0.8628518518518519
        },
        "val": {
            "0": {
                "precision": 0.8876448634845806,
                "recall": 0.9138523761375127,
                "f1-score": 0.9005579912315664,
                "support": 4945
            },
            "1": {
                "precision": 0.70042194092827,
                "recall": 0.6352040816326531,
                "f1-score": 0.6662207357859532,
                "support": 1568
            },
            "accuracy": 0.8467680024566252,
            "macro avg": {
                "precision": 0.7940334022064253,
                "recall": 0.7745282288850829,
                "f1-score": 0.7833893635087599,
                "support": 6513
            },
            "weighted avg": {
                "precision": 0.8425710814228126,
                "recall": 0.8467680024566252,
                "f1-score": 0.8441414678876816,
                "support": 6513
            },
            "roc_auc": 0.9026314974928293,
            "score": 0.8467680024566252
        },
        "test": {
            "0": {
                "precision": 0.8905932070746596,
                "recall": 0.9151588258946521,
                "f1-score": 0.9027089200015865,
                "support": 12435
            },
            "1": {
                "precision": 0.6988295746502997,
                "recall": 0.6365054602184087,
                "f1-score": 0.6662130902163559,
                "support": 3846
            },
            "accuracy": 0.8493335790184878,
            "macro avg": {
                "precision": 0.7947113908624797,
                "recall": 0.7758321430565305,
                "f1-score": 0.7844610051089712,
                "support": 16281
            },
            "weighted avg": {
                "precision": 0.8452935983095907,
                "recall": 0.8493335790184878,
                "f1-score": 0.8468423908354421,
                "support": 16281
            },
            "roc_auc": 0.9031205325414464,
            "score": 0.8493335790184878
        }
    }
}
