{
    "eval_type": "synthetic",
    "dataset": "data/miniboone/",
    "metrics": {
        "train": {
            "0": {
                "precision": 0.9221306811716243,
                "recall": 0.9325622878186317,
                "f1-score": 0.9273171485298072,
                "support": 86895
            },
            "1": {
                "precision": 0.924989119582192,
                "recall": 0.9134947222046647,
                "f1-score": 0.9192059887932733,
                "support": 79105
            },
            "accuracy": 0.9234759036144579,
            "macro avg": {
                "precision": 0.9235599003769082,
                "recall": 0.9230285050116482,
                "f1-score": 0.9232615686615402,
                "support": 166000
            },
            "weighted avg": {
                "precision": 0.9234928303913109,
                "recall": 0.9234759036144579,
                "f1-score": 0.9234518877409005,
                "support": 166000
            },
            "roc_auc": 0.9776364228643032,
            "score": 0.9234759036144579
        },
        "val": {
            "0": {
                "precision": 0.9439834024896265,
                "recall": 0.9070370124260748,
                "f1-score": 0.9251414822596495,
                "support": 15049
            },
            "1": {
                "precision": 0.7797197291765077,
                "recall": 0.8594238111766748,
                "f1-score": 0.8176339469990919,
                "support": 5762
            },
            "accuracy": 0.8938542117149585,
            "macro avg": {
                "precision": 0.8618515658330671,
                "recall": 0.8832304118013747,
                "f1-score": 0.8713877146293707,
                "support": 20811
            },
            "weighted avg": {
                "precision": 0.8985032580645537,
                "recall": 0.8938542117149585,
                "f1-score": 0.8953755691285489,
                "support": 20811
            },
            "roc_auc": 0.9524252707844183,
            "score": 0.8938542117149585
        },
        "test": {
            "0": {
                "precision": 0.9427242009638287,
                "recall": 0.9095719095719096,
                "f1-score": 0.9258513763464259,
                "support": 18711
            },
            "1": {
                "precision": 0.7874371859296483,
                "recall": 0.8583949602848535,
                "f1-score": 0.8213864500065523,
                "support": 7302
            },
            "accuracy": 0.89520624303233,
            "macro avg": {
                "precision": 0.8650806934467385,
                "recall": 0.8839834349283815,
                "f1-score": 0.8736189131764891,
                "support": 26013
            },
            "weighted avg": {
                "precision": 0.899134235032195,
                "recall": 0.89520624303233,
                "f1-score": 0.8965274655274601,
                "support": 26013
            },
            "roc_auc": 0.9513795523868869,
            "score": 0.89520624303233
        }
    }
}
