{
    "eval_type": "synthetic",
    "dataset": "data/diabetes/",
    "metrics": {
        "train": {
            "0": {
                "precision": 0.821917808219178,
                "recall": 0.9230769230769231,
                "f1-score": 0.8695652173913043,
                "support": 325.0
            },
            "1": {
                "precision": 0.8148148148148148,
                "recall": 0.6285714285714286,
                "f1-score": 0.7096774193548387,
                "support": 175.0
            },
            "accuracy": 0.82,
            "macro avg": {
                "precision": 0.8183663115169963,
                "recall": 0.7758241758241758,
                "f1-score": 0.7896213183730716,
                "support": 500.0
            },
            "weighted avg": {
                "precision": 0.8194317605276508,
                "recall": 0.82,
                "f1-score": 0.8136044880785412,
                "support": 500.0
            },
            "roc_auc": 0.8496791208791209,
            "score": 0.82
        },
        "val": {
            "0": {
                "precision": 0.8076923076923077,
                "recall": 0.7875,
                "f1-score": 0.7974683544303798,
                "support": 80.0
            },
            "1": {
                "precision": 0.6222222222222222,
                "recall": 0.6511627906976745,
                "f1-score": 0.6363636363636364,
                "support": 43.0
            },
            "accuracy": 0.7398373983739838,
            "macro avg": {
                "precision": 0.714957264957265,
                "recall": 0.7193313953488372,
                "f1-score": 0.7169159953970081,
                "support": 123.0
            },
            "weighted avg": {
                "precision": 0.7428531721214648,
                "recall": 0.7398373983739838,
                "f1-score": 0.7411471928298109,
                "support": 123.0
            },
            "roc_auc": 0.7456395348837209,
            "score": 0.7398373983739838
        },
        "test": {
            "0": {
                "precision": 0.7745098039215687,
                "recall": 0.79,
                "f1-score": 0.7821782178217822,
                "support": 100.0
            },
            "1": {
                "precision": 0.5961538461538461,
                "recall": 0.5740740740740741,
                "f1-score": 0.5849056603773585,
                "support": 54.0
            },
            "accuracy": 0.7142857142857143,
            "macro avg": {
                "precision": 0.6853318250377074,
                "recall": 0.682037037037037,
                "f1-score": 0.6835419390995703,
                "support": 154.0
            },
            "weighted avg": {
                "precision": 0.7119694031458738,
                "recall": 0.7142857142857143,
                "f1-score": 0.7130047236529583,
                "support": 154.0
            },
            "roc_auc": 0.8024074074074075,
            "score": 0.7142857142857143
        }
    }
}
