{
    "eval_type": "synthetic",
    "dataset": "data/california/",
    "metrics": {
        "train": {
            "rmse": 0.35433013653107887,
            "r2": 0.9036349398240194,
            "score": -0.35433013653107887
        },
        "val": {
            "rmse": 0.5181109555636156,
            "r2": 0.7941213266676361,
            "score": -0.5181109555636156
        },
        "test": {
            "rmse": 0.5250621881551978,
            "r2": 0.788573739285922,
            "score": -0.5250621881551978
        }
    }
}
