{
    "eval_type": "synthetic",
    "dataset": "data/wilt/",
    "metrics": {
        "train": {
            "0": {
                "precision": 0.9997866894197952,
                "recall": 0.9999573306024919,
                "f1-score": 0.9998720027306084,
                "support": 23436
            },
            "1": {
                "precision": 0.9992647058823529,
                "recall": 0.9963343108504399,
                "f1-score": 0.9977973568281938,
                "support": 1364
            },
            "accuracy": 0.999758064516129,
            "macro avg": {
                "precision": 0.999525697651074,
                "recall": 0.998145820726466,
                "f1-score": 0.9988346797794011,
                "support": 24800
            },
            "weighted avg": {
                "precision": 0.9997579803252359,
                "recall": 0.999758064516129,
                "f1-score": 0.9997578972059755,
                "support": 24800
            },
            "roc_auc": 0.9999992335775375,
            "score": 0.999758064516129
        },
        "val": {
            "0": {
                "precision": 1.0,
                "recall": 0.9931787175989086,
                "f1-score": 0.9965776865160849,
                "support": 733
            },
            "1": {
                "precision": 0.8936170212765957,
                "recall": 1.0,
                "f1-score": 0.9438202247191011,
                "support": 42
            },
            "accuracy": 0.9935483870967742,
            "macro avg": {
                "precision": 0.9468085106382979,
                "recall": 0.9965893587994543,
                "f1-score": 0.970198955617593,
                "support": 775
            },
            "weighted avg": {
                "precision": 0.9942347288949896,
                "recall": 0.9935483870967742,
                "f1-score": 0.9937185724574097,
                "support": 775
            },
            "roc_auc": 0.9996426947313715,
            "score": 0.9935483870967742
        },
        "test": {
            "0": {
                "precision": 0.9923161361141603,
                "recall": 0.9868995633187773,
                "f1-score": 0.9896004378762999,
                "support": 916
            },
            "1": {
                "precision": 0.7894736842105263,
                "recall": 0.8653846153846154,
                "f1-score": 0.8256880733944955,
                "support": 52
            },
            "accuracy": 0.9803719008264463,
            "macro avg": {
                "precision": 0.8908949101623433,
                "recall": 0.9261420893516963,
                "f1-score": 0.9076442556353976,
                "support": 968
            },
            "weighted avg": {
                "precision": 0.9814196407639652,
                "recall": 0.9803719008264463,
                "f1-score": 0.9807952282140543,
                "support": 968
            },
            "roc_auc": 0.9926729929459187,
            "score": 0.9803719008264463
        }
    }
}
