{
    "eval_type": "synthetic",
    "dataset": "data/california/",
    "metrics": {
        "train": {
            "rmse": 0.3289008056946889,
            "r2": 0.9191446298588072,
            "score": -0.3289008056946889
        },
        "val": {
            "rmse": 0.5190894730363075,
            "r2": 0.793342943467555,
            "score": -0.5190894730363075
        },
        "test": {
            "rmse": 0.5293887758666773,
            "r2": 0.7850750253230651,
            "score": -0.5293887758666773
        }
    }
}
