{
    "eval_type": "synthetic",
    "dataset": "data/king/",
    "metrics": {
        "train": {
            "rmse": 77868.59697830115,
            "r2": 0.9609424497388321,
            "score": -77868.59697830115
        },
        "val": {
            "rmse": 124355.3056358844,
            "r2": 0.8730010486335041,
            "score": -124355.3056358844
        },
        "test": {
            "rmse": 138013.13974543073,
            "r2": 0.8457989440180713,
            "score": -138013.13974543073
        }
    }
}
