{
    "eval_type": "synthetic",
    "dataset": "data/king/",
    "metrics": {
        "train": {
            "rmse": 90985.33376935005,
            "r2": 0.991076403249892,
            "score": -90985.33376935005
        },
        "val": {
            "rmse": 127477.39243761555,
            "r2": 0.8665440813143184,
            "score": -127477.39243761555
        },
        "test": {
            "rmse": 130521.94721196215,
            "r2": 0.8620843456578083,
            "score": -130521.94721196215
        }
    }
}
