{
    "eval_type": "synthetic",
    "dataset": "data/abalone/",
    "metrics": {
        "train": {
            "rmse": 3.240285352259063,
            "r2": 0.5908239637927162,
            "score": -3.240285352259063
        },
        "val": {
            "rmse": 2.209876262270457,
            "r2": 0.49964175402477295,
            "score": -2.209876262270457
        },
        "test": {
            "rmse": 2.1960103440491876,
            "r2": 0.46999904950791094,
            "score": -2.1960103440491876
        }
    }
}
