{
    "eval_type": "synthetic",
    "dataset": "data/gesture/",
    "metrics": {
        "train": {
            "0": {
                "precision": 0.8319327731092437,
                "recall": 0.8125269978401728,
                "f1-score": 0.8221153846153846,
                "support": 2315
            },
            "1": {
                "precision": 0.8125,
                "recall": 0.8393866020984665,
                "f1-score": 0.8257244938467647,
                "support": 2478
            },
            "2": {
                "precision": 0.847457627118644,
                "recall": 0.7320319432120674,
                "f1-score": 0.7855272554153773,
                "support": 2254
            },
            "3": {
                "precision": 0.8675105485232067,
                "recall": 0.779969650986343,
                "f1-score": 0.8214143028365961,
                "support": 1318
            },
            "4": {
                "precision": 0.8222509145685388,
                "recall": 0.9022432113341204,
                "f1-score": 0.8603918036478271,
                "support": 4235
            },
            "accuracy": 0.8301587301587302,
            "macro avg": {
                "precision": 0.8363303726639266,
                "recall": 0.813231681094234,
                "f1-score": 0.8230346480723899,
                "support": 12600
            },
            "weighted avg": {
                "precision": 0.8313555863035452,
                "recall": 0.8301587301587302,
                "f1-score": 0.8290717606690745,
                "support": 12600
            },
            "score": 0.8301587301587302
        },
        "val": {
            "0": {
                "precision": 0.5276243093922652,
                "recall": 0.43507972665148065,
                "f1-score": 0.4769038701622971,
                "support": 439
            },
            "1": {
                "precision": 0.20161290322580644,
                "recall": 0.46875,
                "f1-score": 0.28195488721804507,
                "support": 160
            },
            "2": {
                "precision": 0.4883720930232558,
                "recall": 0.2507462686567164,
                "f1-score": 0.33136094674556216,
                "support": 335
            },
            "3": {
                "precision": 0.4025974025974026,
                "recall": 0.1781609195402299,
                "f1-score": 0.24701195219123512,
                "support": 174
            },
            "4": {
                "precision": 0.47068676716917923,
                "recall": 0.5953389830508474,
                "f1-score": 0.5257249766136576,
                "support": 472
            },
            "accuracy": 0.4189873417721519,
            "macro avg": {
                "precision": 0.4181786950815819,
                "recall": 0.38561517957985486,
                "f1-score": 0.37259132658615945,
                "support": 1580
            },
            "weighted avg": {
                "precision": 0.45551005674552203,
                "recall": 0.4189873417721519,
                "f1-score": 0.4155707384549496,
                "support": 1580
            },
            "score": 0.4189873417721519
        },
        "test": {
            "0": {
                "precision": 0.559610705596107,
                "recall": 0.4197080291970803,
                "f1-score": 0.47966631908237745,
                "support": 548
            },
            "1": {
                "precision": 0.2374727668845316,
                "recall": 0.545,
                "f1-score": 0.330804248861912,
                "support": 200
            },
            "2": {
                "precision": 0.4470046082949309,
                "recall": 0.23095238095238096,
                "f1-score": 0.304552590266876,
                "support": 420
            },
            "3": {
                "precision": 0.35714285714285715,
                "recall": 0.1382488479262673,
                "f1-score": 0.1993355481727575,
                "support": 217
            },
            "4": {
                "precision": 0.472636815920398,
                "recall": 0.6440677966101694,
                "f1-score": 0.5451936872309899,
                "support": 590
            },
            "accuracy": 0.42835443037974685,
            "macro avg": {
                "precision": 0.4147735507677649,
                "recall": 0.39559541093717965,
                "f1-score": 0.37191047872298255,
                "support": 1975
            },
            "weighted avg": {
                "precision": 0.4548146212255589,
                "recall": 0.42835443037974685,
                "f1-score": 0.41612666833487877,
                "support": 1975
            },
            "score": 0.42835443037974685
        }
    }
}
