{
    "eval_type": "synthetic",
    "dataset": "data/wilt/",
    "metrics": {
        "train": {
            "0": {
                "precision": 0.9826772934287573,
                "recall": 0.9959610946257831,
                "f1-score": 0.989274602914688,
                "support": 12132
            },
            "1": {
                "precision": 0.5288461538461539,
                "recall": 0.20522388059701493,
                "f1-score": 0.2956989247311828,
                "support": 268
            },
            "accuracy": 0.9788709677419355,
            "macro avg": {
                "precision": 0.7557617236374556,
                "recall": 0.600592487611399,
                "f1-score": 0.6424867638229355,
                "support": 12400
            },
            "weighted avg": {
                "precision": 0.9728686849281011,
                "recall": 0.9788709677419355,
                "f1-score": 0.9742844189023349,
                "support": 12400
            },
            "roc_auc": 0.910059310273558,
            "score": 0.9788709677419355
        },
        "val": {
            "0": {
                "precision": 0.951948051948052,
                "recall": 1.0,
                "f1-score": 0.9753825681969396,
                "support": 733
            },
            "1": {
                "precision": 1.0,
                "recall": 0.11904761904761904,
                "f1-score": 0.21276595744680848,
                "support": 42
            },
            "accuracy": 0.952258064516129,
            "macro avg": {
                "precision": 0.9759740259740259,
                "recall": 0.5595238095238095,
                "f1-score": 0.594074262821874,
                "support": 775
            },
            "weighted avg": {
                "precision": 0.9545521575198994,
                "recall": 0.952258064516129,
                "f1-score": 0.9340536680014486,
                "support": 775
            },
            "roc_auc": 0.7010166959007341,
            "score": 0.952258064516129
        },
        "test": {
            "0": {
                "precision": 0.9531737773152965,
                "recall": 1.0,
                "f1-score": 0.9760255727224293,
                "support": 916
            },
            "1": {
                "precision": 1.0,
                "recall": 0.1346153846153846,
                "f1-score": 0.23728813559322035,
                "support": 52
            },
            "accuracy": 0.9535123966942148,
            "macro avg": {
                "precision": 0.9765868886576483,
                "recall": 0.5673076923076923,
                "f1-score": 0.6066568541578248,
                "support": 968
            },
            "weighted avg": {
                "precision": 0.9556892355586897,
                "recall": 0.9535123966942148,
                "f1-score": 0.9363413302320173,
                "support": 968
            },
            "roc_auc": 0.7214477662075915,
            "score": 0.9535123966942148
        }
    }
}
