{
    "eval_type": "synthetic",
    "dataset": "data/diabetes/",
    "metrics": {
        "train": {
            "0": {
                "precision": 0.8333333333333334,
                "recall": 0.9076923076923077,
                "f1-score": 0.8689248895434463,
                "support": 325.0
            },
            "1": {
                "precision": 0.7945205479452054,
                "recall": 0.6628571428571428,
                "f1-score": 0.7227414330218068,
                "support": 175.0
            },
            "accuracy": 0.822,
            "macro avg": {
                "precision": 0.8139269406392694,
                "recall": 0.7852747252747252,
                "f1-score": 0.7958331612826266,
                "support": 500.0
            },
            "weighted avg": {
                "precision": 0.8197488584474886,
                "recall": 0.822,
                "f1-score": 0.8177606797608724,
                "support": 500.0
            },
            "roc_auc": 0.856087912087912,
            "score": 0.822
        },
        "val": {
            "0": {
                "precision": 0.8,
                "recall": 0.85,
                "f1-score": 0.8242424242424242,
                "support": 80.0
            },
            "1": {
                "precision": 0.6842105263157895,
                "recall": 0.6046511627906976,
                "f1-score": 0.6419753086419753,
                "support": 43.0
            },
            "accuracy": 0.7642276422764228,
            "macro avg": {
                "precision": 0.7421052631578948,
                "recall": 0.7273255813953488,
                "f1-score": 0.7331088664421997,
                "support": 123.0
            },
            "weighted avg": {
                "precision": 0.7595207531022679,
                "recall": 0.7642276422764228,
                "f1-score": 0.7605230261056819,
                "support": 123.0
            },
            "roc_auc": 0.786046511627907,
            "score": 0.7642276422764228
        },
        "test": {
            "0": {
                "precision": 0.8235294117647058,
                "recall": 0.84,
                "f1-score": 0.8316831683168316,
                "support": 100.0
            },
            "1": {
                "precision": 0.6923076923076923,
                "recall": 0.6666666666666666,
                "f1-score": 0.6792452830188679,
                "support": 54.0
            },
            "accuracy": 0.7792207792207793,
            "macro avg": {
                "precision": 0.7579185520361991,
                "recall": 0.7533333333333333,
                "f1-score": 0.7554642256678498,
                "support": 154.0
            },
            "weighted avg": {
                "precision": 0.7775166010460127,
                "recall": 0.7792207792207793,
                "f1-score": 0.7782309228227405,
                "support": 154.0
            },
            "roc_auc": 0.8099999999999998,
            "score": 0.7792207792207793
        }
    }
}
