{
    "eval_type": "synthetic",
    "dataset": "data/buddy/",
    "metrics": {
        "train": {
            "0": {
                "precision": 0.8733267808667977,
                "recall": 0.882558827007213,
                "f1-score": 0.8779185339402708,
                "support": 42285
            },
            "1": {
                "precision": 0.8512416273610304,
                "recall": 0.8614834673815907,
                "f1-score": 0.8563319250352073,
                "support": 45879
            },
            "2": {
                "precision": 0.8470089220418312,
                "recall": 0.739025012761613,
                "f1-score": 0.7893409664008723,
                "support": 7836
            },
            "accuracy": 0.8607708333333334,
            "macro avg": {
                "precision": 0.8571924434232198,
                "recall": 0.8276891023834723,
                "f1-score": 0.8411971417921168,
                "support": 96000
            },
            "weighted avg": {
                "precision": 0.8606239527475943,
                "recall": 0.8607708333333334,
                "f1-score": 0.8603720146778318,
                "support": 96000
            },
            "score": 0.8607708333333334
        },
        "val": {
            "0": {
                "precision": 0.8877338877338877,
                "recall": 0.8895833333333333,
                "f1-score": 0.8886576482830385,
                "support": 1440
            },
            "1": {
                "precision": 0.8339324227174695,
                "recall": 0.8676140613313388,
                "f1-score": 0.8504398826979472,
                "support": 1337
            },
            "2": {
                "precision": 0.9111111111111111,
                "recall": 0.6919831223628692,
                "f1-score": 0.7865707434052759,
                "support": 237
            },
            "accuracy": 0.8642999336429993,
            "macro avg": {
                "precision": 0.8775924738541562,
                "recall": 0.8163935056758471,
                "f1-score": 0.8418894247954206,
                "support": 3014
            },
            "weighted avg": {
                "precision": 0.8657059657741834,
                "recall": 0.8642999336429993,
                "f1-score": 0.8636769750769014,
                "support": 3014
            },
            "score": 0.8642999336429993
        },
        "test": {
            "0": {
                "precision": 0.8830667402095973,
                "recall": 0.8894444444444445,
                "f1-score": 0.8862441184611126,
                "support": 1800
            },
            "1": {
                "precision": 0.8364269141531323,
                "recall": 0.8624401913875598,
                "f1-score": 0.8492343934040046,
                "support": 1672
            },
            "2": {
                "precision": 0.9173913043478261,
                "recall": 0.7152542372881356,
                "f1-score": 0.8038095238095238,
                "support": 295
            },
            "accuracy": 0.8638173612954606,
            "macro avg": {
                "precision": 0.8789616529035186,
                "recall": 0.82237962437338,
                "f1-score": 0.8464293452248803,
                "support": 3767
            },
            "weighted avg": {
                "precision": 0.8650534557005364,
                "recall": 0.8638173612954606,
                "f1-score": 0.8633615950425558,
                "support": 3767
            },
            "score": 0.8638173612954606
        }
    }
}
