{
    "eval_type": "synthetic",
    "dataset": "data/buddy/",
    "metrics": {
        "train": {
            "0": {
                "precision": 0.7903621411051797,
                "recall": 0.715797726381811,
                "f1-score": 0.7512342292923753,
                "support": 22959
            },
            "1": {
                "precision": 0.6817249270101792,
                "recall": 0.8124030278809535,
                "f1-score": 0.7413493510672531,
                "support": 21269
            },
            "2": {
                "precision": 0.8645889306824288,
                "recall": 0.42656415694591726,
                "f1-score": 0.5712764068879815,
                "support": 3772
            },
            "accuracy": 0.735875,
            "macro avg": {
                "precision": 0.7788919995992626,
                "recall": 0.6515883037362273,
                "f1-score": 0.6879533290825366,
                "support": 48000
            },
            "weighted avg": {
                "precision": 0.7480575274322383,
                "recall": 0.735875,
                "f1-score": 0.7327125130198857,
                "support": 48000
            },
            "score": 0.735875
        },
        "val": {
            "0": {
                "precision": 0.8890392422192152,
                "recall": 0.9125,
                "f1-score": 0.9006168608636053,
                "support": 1440
            },
            "1": {
                "precision": 0.8604135893648449,
                "recall": 0.8713537771129394,
                "f1-score": 0.865849126718692,
                "support": 1337
            },
            "2": {
                "precision": 0.9560439560439561,
                "recall": 0.7341772151898734,
                "f1-score": 0.8305489260143198,
                "support": 237
            },
            "accuracy": 0.8802256138022562,
            "macro avg": {
                "precision": 0.9018322625426721,
                "recall": 0.8393436641009376,
                "f1-score": 0.865671637865539,
                "support": 3014
            },
            "weighted avg": {
                "precision": 0.8816097861177455,
                "recall": 0.8802256138022562,
                "f1-score": 0.8796843588360572,
                "support": 3014
            },
            "score": 0.8802256138022562
        },
        "test": {
            "0": {
                "precision": 0.8912803532008831,
                "recall": 0.8972222222222223,
                "f1-score": 0.8942414174972314,
                "support": 1800
            },
            "1": {
                "precision": 0.8597417840375586,
                "recall": 0.8761961722488039,
                "f1-score": 0.8678909952606635,
                "support": 1672
            },
            "2": {
                "precision": 0.9482071713147411,
                "recall": 0.8067796610169492,
                "f1-score": 0.8717948717948718,
                "support": 295
            },
            "accuracy": 0.8808070082293602,
            "macro avg": {
                "precision": 0.899743102851061,
                "recall": 0.8600660184959917,
                "f1-score": 0.8779757615175888,
                "support": 3767
            },
            "weighted avg": {
                "precision": 0.8817398498036199,
                "recall": 0.8808070082293602,
                "f1-score": 0.8807878372047605,
                "support": 3767
            },
            "score": 0.8808070082293602
        }
    }
}
