{
    "eval_type": "synthetic",
    "dataset": "data/diabetes/",
    "metrics": {
        "train": {
            "0": {
                "precision": 0.8956228956228957,
                "recall": 0.8184615384615385,
                "f1-score": 0.8553054662379421,
                "support": 325.0
            },
            "1": {
                "precision": 0.7093596059113301,
                "recall": 0.8228571428571428,
                "f1-score": 0.7619047619047619,
                "support": 175.0
            },
            "accuracy": 0.82,
            "macro avg": {
                "precision": 0.8024912507671129,
                "recall": 0.8206593406593407,
                "f1-score": 0.8086051140713519,
                "support": 500.0
            },
            "weighted avg": {
                "precision": 0.8304307442238478,
                "recall": 0.82,
                "f1-score": 0.822615219721329,
                "support": 500.0
            },
            "roc_auc": 0.8821098901098902,
            "score": 0.82
        },
        "val": {
            "0": {
                "precision": 0.7727272727272727,
                "recall": 0.85,
                "f1-score": 0.8095238095238095,
                "support": 80.0
            },
            "1": {
                "precision": 0.6571428571428571,
                "recall": 0.5348837209302325,
                "f1-score": 0.5897435897435898,
                "support": 43.0
            },
            "accuracy": 0.7398373983739838,
            "macro avg": {
                "precision": 0.714935064935065,
                "recall": 0.6924418604651162,
                "f1-score": 0.6996336996336996,
                "support": 123.0
            },
            "weighted avg": {
                "precision": 0.7323197128075176,
                "recall": 0.7398373983739838,
                "f1-score": 0.7326900741534889,
                "support": 123.0
            },
            "roc_auc": 0.7191860465116279,
            "score": 0.7398373983739838
        },
        "test": {
            "0": {
                "precision": 0.8404255319148937,
                "recall": 0.79,
                "f1-score": 0.8144329896907216,
                "support": 100.0
            },
            "1": {
                "precision": 0.65,
                "recall": 0.7222222222222222,
                "f1-score": 0.6842105263157895,
                "support": 54.0
            },
            "accuracy": 0.7662337662337663,
            "macro avg": {
                "precision": 0.7452127659574468,
                "recall": 0.7561111111111112,
                "f1-score": 0.7493217580032556,
                "support": 154.0
            },
            "weighted avg": {
                "precision": 0.7736529428018789,
                "recall": 0.7662337662337663,
                "f1-score": 0.7687705674683428,
                "support": 154.0
            },
            "roc_auc": 0.8244444444444445,
            "score": 0.7662337662337663
        }
    }
}
