{
    "eval_type": "synthetic",
    "dataset": "data/insurance/",
    "metrics": {
        "train": {
            "rmse": 6400.88729845326,
            "r2": 0.936288453352158,
            "score": -6400.88729845326
        },
        "val": {
            "rmse": 7625.44486790458,
            "r2": 0.5672635075664928,
            "score": -7625.44486790458
        },
        "test": {
            "rmse": 8296.262798816148,
            "r2": 0.43282135205725825,
            "score": -8296.262798816148
        }
    }
}
