{
    "eval_type": "synthetic",
    "dataset": "data/abalone/",
    "metrics": {
        "train": {
            "rmse": 2.904190255110465,
            "r2": 0.6968000603100502,
            "score": -2.904190255110465
        },
        "val": {
            "rmse": 2.227546558470516,
            "r2": 0.49160797670787715,
            "score": -2.227546558470516
        },
        "test": {
            "rmse": 2.1681909390853153,
            "r2": 0.4833422648393384,
            "score": -2.1681909390853153
        }
    }
}
