{
    "eval_type": "synthetic",
    "dataset": "data/gesture/",
    "metrics": {
        "train": {
            "0": {
                "precision": 1.0,
                "recall": 1.0,
                "f1-score": 1.0,
                "support": 14032
            },
            "1": {
                "precision": 1.0,
                "recall": 1.0,
                "f1-score": 1.0,
                "support": 5104
            },
            "2": {
                "precision": 1.0,
                "recall": 1.0,
                "f1-score": 1.0,
                "support": 10736
            },
            "3": {
                "precision": 1.0,
                "recall": 1.0,
                "f1-score": 1.0,
                "support": 5568
            },
            "4": {
                "precision": 1.0,
                "recall": 1.0,
                "f1-score": 1.0,
                "support": 15104
            },
            "accuracy": 1.0,
            "macro avg": {
                "precision": 1.0,
                "recall": 1.0,
                "f1-score": 1.0,
                "support": 50544
            },
            "weighted avg": {
                "precision": 1.0,
                "recall": 1.0,
                "f1-score": 1.0,
                "support": 50544
            },
            "score": 1.0
        },
        "val": {
            "0": {
                "precision": 0.7612244897959184,
                "recall": 0.8496583143507973,
                "f1-score": 0.8030139935414424,
                "support": 439
            },
            "1": {
                "precision": 0.7317073170731707,
                "recall": 0.5625,
                "f1-score": 0.6360424028268551,
                "support": 160
            },
            "2": {
                "precision": 0.7124600638977636,
                "recall": 0.6656716417910448,
                "f1-score": 0.6882716049382716,
                "support": 335
            },
            "3": {
                "precision": 0.6258992805755396,
                "recall": 0.5,
                "f1-score": 0.5559105431309903,
                "support": 174
            },
            "4": {
                "precision": 0.7262135922330097,
                "recall": 0.7923728813559322,
                "f1-score": 0.7578520770010133,
                "support": 472
            },
            "accuracy": 0.7259493670886076,
            "macro avg": {
                "precision": 0.7115009487150805,
                "recall": 0.6740405674995549,
                "f1-score": 0.6882181242877146,
                "support": 1580
            },
            "weighted avg": {
                "precision": 0.7225342617164499,
                "recall": 0.7259493670886076,
                "f1-score": 0.721073120329482,
                "support": 1580
            },
            "score": 0.7259493670886076
        },
        "test": {
            "0": {
                "precision": 0.7704081632653061,
                "recall": 0.8266423357664233,
                "f1-score": 0.7975352112676056,
                "support": 548
            },
            "1": {
                "precision": 0.7006369426751592,
                "recall": 0.55,
                "f1-score": 0.6162464985994398,
                "support": 200
            },
            "2": {
                "precision": 0.6492146596858639,
                "recall": 0.5904761904761905,
                "f1-score": 0.6184538653366584,
                "support": 420
            },
            "3": {
                "precision": 0.6144578313253012,
                "recall": 0.4700460829493088,
                "f1-score": 0.5326370757180156,
                "support": 217
            },
            "4": {
                "precision": 0.6862170087976539,
                "recall": 0.7932203389830509,
                "f1-score": 0.7358490566037736,
                "support": 590
            },
            "accuracy": 0.6992405063291139,
            "macro avg": {
                "precision": 0.6841869211498569,
                "recall": 0.6460769896349947,
                "f1-score": 0.6601443415050986,
                "support": 1975
            },
            "weighted avg": {
                "precision": 0.6952843562838928,
                "recall": 0.6992405063291139,
                "f1-score": 0.6935607127913762,
                "support": 1975
            },
            "score": 0.6992405063291139
        }
    }
}
