{
    "eval_type": "synthetic",
    "dataset": "data/diabetes/",
    "metrics": {
        "train": {
            "0": {
                "precision": 0.9603960396039604,
                "recall": 0.8953846153846153,
                "f1-score": 0.9267515923566879,
                "support": 325.0
            },
            "1": {
                "precision": 0.8274111675126904,
                "recall": 0.9314285714285714,
                "f1-score": 0.8763440860215054,
                "support": 175.0
            },
            "accuracy": 0.908,
            "macro avg": {
                "precision": 0.8939036035583254,
                "recall": 0.9134065934065934,
                "f1-score": 0.9015478391890966,
                "support": 500.0
            },
            "weighted avg": {
                "precision": 0.9138513343720158,
                "recall": 0.908,
                "f1-score": 0.909108965139374,
                "support": 500.0
            },
            "roc_auc": 0.9754285714285714,
            "score": 0.908
        },
        "val": {
            "0": {
                "precision": 0.7558139534883721,
                "recall": 0.8125,
                "f1-score": 0.7831325301204819,
                "support": 80.0
            },
            "1": {
                "precision": 0.5945945945945946,
                "recall": 0.5116279069767442,
                "f1-score": 0.55,
                "support": 43.0
            },
            "accuracy": 0.7073170731707317,
            "macro avg": {
                "precision": 0.6752042740414834,
                "recall": 0.6620639534883721,
                "f1-score": 0.666566265060241,
                "support": 123.0
            },
            "weighted avg": {
                "precision": 0.6994527142003035,
                "recall": 0.7073170731707317,
                "f1-score": 0.7016309138995005,
                "support": 123.0
            },
            "roc_auc": 0.7229651162790697,
            "score": 0.7073170731707317
        },
        "test": {
            "0": {
                "precision": 0.7941176470588235,
                "recall": 0.81,
                "f1-score": 0.801980198019802,
                "support": 100.0
            },
            "1": {
                "precision": 0.6346153846153846,
                "recall": 0.6111111111111112,
                "f1-score": 0.6226415094339622,
                "support": 54.0
            },
            "accuracy": 0.7402597402597403,
            "macro avg": {
                "precision": 0.714366515837104,
                "recall": 0.7105555555555556,
                "f1-score": 0.7123108537268821,
                "support": 154.0
            },
            "weighted avg": {
                "precision": 0.7381882823059294,
                "recall": 0.7402597402597403,
                "f1-score": 0.7390952033208712,
                "support": 154.0
            },
            "roc_auc": 0.8157407407407407,
            "score": 0.7402597402597403
        }
    }
}
