{
    "eval_type": "synthetic",
    "dataset": "data/house/",
    "metrics": {
        "train": {
            "rmse": 13448.998375102927,
            "r2": 0.9158767019308169,
            "score": -13448.998375102927
        },
        "val": {
            "rmse": 29382.376041829768,
            "r2": 0.7102920723543845,
            "score": -29382.376041829768
        },
        "test": {
            "rmse": 29948.705959809256,
            "r2": 0.6893123437399622,
            "score": -29948.705959809256
        }
    }
}
