{
    "eval_type": "synthetic",
    "dataset": "data/house/",
    "metrics": {
        "train": {
            "rmse": 10275.707989890057,
            "r2": 0.9489340220827588,
            "score": -10275.707989890057
        },
        "val": {
            "rmse": 29382.33552473816,
            "r2": 0.7102928965654052,
            "score": -29382.33552473816
        },
        "test": {
            "rmse": 30387.552179180453,
            "r2": 0.6801404917601822,
            "score": -30387.552179180453
        }
    }
}
