{
    "eval_type": "synthetic",
    "dataset": "data/king/",
    "metrics": {
        "train": {
            "rmse": 352448.2235467102,
            "r2": 0.934882687631674,
            "score": -352448.2235467102
        },
        "val": {
            "rmse": 147454.17976763527,
            "r2": 0.8214393854956522,
            "score": -147454.17976763527
        },
        "test": {
            "rmse": 158480.05824232133,
            "r2": 0.796672687645906,
            "score": -158480.05824232133
        }
    }
}
