{
    "eval_type": "synthetic",
    "dataset": "data/house/",
    "metrics": {
        "train": {
            "rmse": 146786.70378389064,
            "r2": 0.6510779190051315,
            "score": -146786.70378389064
        },
        "val": {
            "rmse": 71278.76144793828,
            "r2": -0.70493109238593,
            "score": -71278.76144793828
        },
        "test": {
            "rmse": 71419.73763199389,
            "r2": -0.7668689968183837,
            "score": -71419.73763199389
        }
    }
}
