{
    "eval_type": "synthetic",
    "dataset": "data/king/",
    "metrics": {
        "train": {
            "rmse": 1082883.3135614593,
            "r2": 0.9025457644092456,
            "score": -1082883.3135614593
        },
        "val": {
            "rmse": 217294.23350999047,
            "r2": 0.6122356317957378,
            "score": -217294.23350999047
        },
        "test": {
            "rmse": 229451.25148494414,
            "r2": 0.5737863667323331,
            "score": -229451.25148494414
        }
    }
}
