{
    "eval_type": "synthetic",
    "dataset": "data/wilt/",
    "metrics": {
        "train": {
            "0": {
                "precision": 0.9984659308816636,
                "recall": 0.9997866530124595,
                "f1-score": 0.9991258554889879,
                "support": 23436
            },
            "1": {
                "precision": 0.9962490622655664,
                "recall": 0.9736070381231672,
                "f1-score": 0.9847979236188358,
                "support": 1364
            },
            "accuracy": 0.9983467741935483,
            "macro avg": {
                "precision": 0.9973574965736149,
                "recall": 0.9866968455678133,
                "f1-score": 0.9919618895539118,
                "support": 24800
            },
            "weighted avg": {
                "precision": 0.9983440031077783,
                "recall": 0.9983467741935483,
                "f1-score": 0.9983378192361295,
                "support": 24800
            },
            "roc_auc": 0.9999402816130183,
            "score": 0.9983467741935483
        },
        "val": {
            "0": {
                "precision": 1.0,
                "recall": 0.9945429740791268,
                "f1-score": 0.9972640218878249,
                "support": 733
            },
            "1": {
                "precision": 0.9130434782608695,
                "recall": 1.0,
                "f1-score": 0.9545454545454545,
                "support": 42
            },
            "accuracy": 0.9948387096774194,
            "macro avg": {
                "precision": 0.9565217391304348,
                "recall": 0.9972714870395634,
                "f1-score": 0.9759047382166397,
                "support": 775
            },
            "weighted avg": {
                "precision": 0.9952875175315568,
                "recall": 0.9948387096774194,
                "f1-score": 0.9949489511415287,
                "support": 775
            },
            "roc_auc": 0.9995777301370753,
            "score": 0.9948387096774194
        },
        "test": {
            "0": {
                "precision": 0.9945054945054945,
                "recall": 0.9879912663755459,
                "f1-score": 0.991237677984666,
                "support": 916
            },
            "1": {
                "precision": 0.8103448275862069,
                "recall": 0.9038461538461539,
                "f1-score": 0.8545454545454546,
                "support": 52
            },
            "accuracy": 0.9834710743801653,
            "macro avg": {
                "precision": 0.9024251610458507,
                "recall": 0.9459187101108499,
                "f1-score": 0.9228915662650603,
                "support": 968
            },
            "weighted avg": {
                "precision": 0.9846125661172683,
                "recall": 0.9834710743801653,
                "f1-score": 0.9838947073040473,
                "support": 968
            },
            "roc_auc": 0.993470775948942,
            "score": 0.9834710743801653
        }
    }
}
