{
    "eval_type": "synthetic",
    "dataset": "data/cardio/",
    "metrics": {
        "train": {
            "0": {
                "precision": 0.7625373531761295,
                "recall": 0.961571465880685,
                "f1-score": 0.8505659879211908,
                "support": 26803
            },
            "1": {
                "precision": 0.9080439246495848,
                "recall": 0.5589382865307468,
                "f1-score": 0.6919518334580584,
                "support": 18197
            },
            "accuracy": 0.7987555555555556,
            "macro avg": {
                "precision": 0.8352906389128572,
                "recall": 0.760254876205716,
                "f1-score": 0.7712589106896246,
                "support": 45000
            },
            "weighted avg": {
                "precision": 0.8213769772006286,
                "recall": 0.7987555555555556,
                "f1-score": 0.7864259486152881,
                "support": 45000
            },
            "roc_auc": 0.8933258494891945,
            "score": 0.7987555555555556
        },
        "val": {
            "0": {
                "precision": 0.702520135100026,
                "recall": 0.7751182456643256,
                "f1-score": 0.7370357751277683,
                "support": 6977
            },
            "1": {
                "precision": 0.7510314185972707,
                "recall": 0.6739285205752528,
                "f1-score": 0.7103939962476548,
                "support": 7023
            },
            "accuracy": 0.7243571428571428,
            "macro avg": {
                "precision": 0.7267757768486484,
                "recall": 0.7245233831197893,
                "f1-score": 0.7237148856877116,
                "support": 14000
            },
            "weighted avg": {
                "precision": 0.726855473957251,
                "recall": 0.7243571428571428,
                "f1-score": 0.7236711170509799,
                "support": 14000
            },
            "roc_auc": 0.763842368828839,
            "score": 0.7243571428571428
        },
        "test": {
            "0": {
                "precision": 0.7031653746770026,
                "recall": 0.7807064730141653,
                "f1-score": 0.7399099328745009,
                "support": 5577
            },
            "1": {
                "precision": 0.7557907348242812,
                "recall": 0.6731282233683087,
                "f1-score": 0.7120684789765779,
                "support": 5623
            },
            "accuracy": 0.7266964285714286,
            "macro avg": {
                "precision": 0.7294780547506419,
                "recall": 0.726917348191237,
                "f1-score": 0.7259892059255394,
                "support": 11200
            },
            "weighted avg": {
                "precision": 0.7295861246866586,
                "recall": 0.7266964285714286,
                "f1-score": 0.7259320315112848,
                "support": 11200
            },
            "roc_auc": 0.7708816899366703,
            "score": 0.7266964285714286
        }
    }
}
