{
    "eval_type": "synthetic",
    "dataset": "data/higgs-small/",
    "metrics": {
        "train": {
            "0": {
                "precision": 0.6920821617173033,
                "recall": 0.6665730893718211,
                "f1-score": 0.6790881561238223,
                "support": 60556
            },
            "1": {
                "precision": 0.6989832428886636,
                "recall": 0.7230429954968848,
                "f1-score": 0.7108095815645846,
                "support": 64844
            },
            "accuracy": 0.6957735247208932,
            "macro avg": {
                "precision": 0.6955327023029835,
                "recall": 0.694808042434353,
                "f1-score": 0.6949488688442035,
                "support": 125400
            },
            "weighted avg": {
                "precision": 0.6956506920799483,
                "recall": 0.6957735247208932,
                "f1-score": 0.6954912192121858,
                "support": 125400
            },
            "roc_auc": 0.7656920988876099,
            "score": 0.6957735247208932
        },
        "val": {
            "0": {
                "precision": 0.6931323283082077,
                "recall": 0.5594916170903191,
                "f1-score": 0.6191830016459674,
                "support": 7396
            },
            "1": {
                "precision": 0.6647458324758181,
                "recall": 0.779064158224795,
                "f1-score": 0.7173792337590228,
                "support": 8292
            },
            "accuracy": 0.6755481896991331,
            "macro avg": {
                "precision": 0.6789390803920129,
                "recall": 0.6692778876575571,
                "f1-score": 0.6682811177024951,
                "support": 15688
            },
            "weighted avg": {
                "precision": 0.6781284512402466,
                "recall": 0.6755481896991331,
                "f1-score": 0.6710852936322916,
                "support": 15688
            },
            "roc_auc": 0.7419546869182883,
            "score": 0.6755481896991331
        },
        "test": {
            "0": {
                "precision": 0.6841966173361522,
                "recall": 0.5600865332612223,
                "f1-score": 0.6159519419496818,
                "support": 9245
            },
            "1": {
                "precision": 0.6622654044178707,
                "recall": 0.769416304872166,
                "f1-score": 0.7118311242022581,
                "support": 10365
            },
            "accuracy": 0.6707292197858236,
            "macro avg": {
                "precision": 0.6732310108770114,
                "recall": 0.6647514190666941,
                "f1-score": 0.66389153307597,
                "support": 19610
            },
            "weighted avg": {
                "precision": 0.6726047243275858,
                "recall": 0.6707292197858236,
                "f1-score": 0.6666295413401945,
                "support": 19610
            },
            "roc_auc": 0.7394276041833802,
            "score": 0.6707292197858236
        }
    }
}
