{
    "eval_type": "synthetic",
    "dataset": "data/adult/",
    "metrics": {
        "train": {
            "0": {
                "precision": 0.8216797472225054,
                "recall": 0.8987429972964687,
                "f1-score": 0.8584854172490449,
                "support": 35879
            },
            "1": {
                "precision": 0.7537950664136622,
                "recall": 0.6138182219524309,
                "f1-score": 0.6766432460382638,
                "support": 18121
            },
            "accuracy": 0.8031296296296296,
            "macro avg": {
                "precision": 0.7877374068180838,
                "recall": 0.7562806096244498,
                "f1-score": 0.7675643316436543,
                "support": 54000
            },
            "weighted avg": {
                "precision": 0.7988994083162637,
                "recall": 0.8031296296296296,
                "f1-score": 0.7974638990173677,
                "support": 54000
            },
            "roc_auc": 0.8657758649545798,
            "score": 0.8031296296296296
        },
        "val": {
            "0": {
                "precision": 0.8978147762747138,
                "recall": 0.8723963599595551,
                "f1-score": 0.884923076923077,
                "support": 4945
            },
            "1": {
                "precision": 0.6305620608899297,
                "recall": 0.6868622448979592,
                "f1-score": 0.6575091575091575,
                "support": 1568
            },
            "accuracy": 0.8277291570704745,
            "macro avg": {
                "precision": 0.7641884185823218,
                "recall": 0.7796293024287572,
                "f1-score": 0.7712161172161173,
                "support": 6513
            },
            "weighted avg": {
                "precision": 0.8334738799560678,
                "recall": 0.8277291570704745,
                "f1-score": 0.8301733416795599,
                "support": 6513
            },
            "roc_auc": 0.8850418377664514,
            "score": 0.8277291570704745
        },
        "test": {
            "0": {
                "precision": 0.9011762756792577,
                "recall": 0.8748693204664254,
                "f1-score": 0.8878279675194842,
                "support": 12435
            },
            "1": {
                "precision": 0.6303159895462105,
                "recall": 0.6898075923036922,
                "f1-score": 0.6587212911235257,
                "support": 3846
            },
            "accuracy": 0.8311528775873718,
            "macro avg": {
                "precision": 0.7657461326127342,
                "recall": 0.7823384563850588,
                "f1-score": 0.7732746293215049,
                "support": 16281
            },
            "weighted avg": {
                "precision": 0.8371919589623669,
                "recall": 0.8311528775873718,
                "f1-score": 0.8337069505414819,
                "support": 16281
            },
            "roc_auc": 0.8857951833151735,
            "score": 0.8311528775873718
        }
    }
}
