{
    "eval_type": "synthetic",
    "dataset": "data/insurance/",
    "metrics": {
        "train": {
            "rmse": 4705.086351592122,
            "r2": 0.9068710639922313,
            "score": -4705.086351592122
        },
        "val": {
            "rmse": 5065.993365088985,
            "r2": 0.8090048307644938,
            "score": -5065.993365088985
        },
        "test": {
            "rmse": 4912.40179763086,
            "r2": 0.8011421979337889,
            "score": -4912.40179763086
        }
    }
}
