{"ddpm_cb_best": 0.05010842140620368, "ctabgan-plus": 0.07495693688545149, "tvae": 0.09499002783554916, "smote": 0.013805983502425526}