{"ddpm_cb_best": 0.09595541612399823, "ctabgan-plus": 0.13827171849393294, "tvae": 0.06536335904457284, "smote": 0.02446612554664042}