{"ddpm_cb_best": 0.14043752621457223, "ctabgan-plus": 0.16712836812094545, "tvae": 0.2050017881515984, "smote": 0.05449109393103685}