{"ddpm_cb_best": 0.0406970498258375, "ctabgan-plus": 0.056084261706926736, "tvae": 0.0502983137988354, "smote": 0.013578103161972426}