{"ddpm_cb_best": 0.011020652322972896, "ctabgan-plus": 0.012548292122877171, "tvae": 0.009473530728321857, "smote": 0.004892104741824735}