{"ddpm_cb_best": 0.18825447878159524, "ctabgan-plus": 0.32946036112816535, "tvae": 0.18151273758633907, "smote": 0.06623694904095086}