{"ddpm_cb_best": 0.019975349587964205, "ctabgan-plus": 0.07083067951274324, "tvae": 0.021848431154583407, "smote": 0.010263947482927964}