{
    "eval_type": "synthetic",
    "dataset": "data/insurance/",
    "metrics": {
        "train": {
            "rmse": 4609.18796152236,
            "r2": 0.8980272752218286,
            "score": -4609.18796152236
        },
        "val": {
            "rmse": 4886.08174103956,
            "r2": 0.8223297939687215,
            "score": -4886.08174103956
        },
        "test": {
            "rmse": 4856.027851793285,
            "r2": 0.805680130716887,
            "score": -4856.027851793285
        }
    }
}
