{
    "eval_type": "synthetic",
    "dataset": "data/churn2/",
    "metrics": {
        "train": {
            "0": {
                "precision": 0.8386013391433733,
                "recall": 0.9564353075226066,
                "f1-score": 0.8936507576958796,
                "support": 41249
            },
            "1": {
                "precision": 0.6373360242179616,
                "recall": 0.29374011719840015,
                "f1-score": 0.402139309817904,
                "support": 10751
            },
            "accuracy": 0.8194230769230769,
            "macro avg": {
                "precision": 0.7379686816806674,
                "recall": 0.6250877123605034,
                "f1-score": 0.6478950337568918,
                "support": 52000
            },
            "weighted avg": {
                "precision": 0.7969897352825445,
                "recall": 0.8194230769230769,
                "f1-score": 0.7920307658471082,
                "support": 52000
            },
            "roc_auc": 0.7990897647611322,
            "score": 0.8194230769230769
        },
        "val": {
            "0": {
                "precision": 0.8553370786516854,
                "recall": 0.9560439560439561,
                "f1-score": 0.9028910303928837,
                "support": 1274
            },
            "1": {
                "precision": 0.6818181818181818,
                "recall": 0.36809815950920244,
                "f1-score": 0.47808764940239046,
                "support": 326
            },
            "accuracy": 0.83625,
            "macro avg": {
                "precision": 0.7685776302349336,
                "recall": 0.6620710577765793,
                "f1-score": 0.6904893398976371,
                "support": 1600
            },
            "weighted avg": {
                "precision": 0.819982603421859,
                "recall": 0.83625,
                "f1-score": 0.8163373415160706,
                "support": 1600
            },
            "roc_auc": 0.8038567479847059,
            "score": 0.83625
        },
        "test": {
            "0": {
                "precision": 0.8508722566122678,
                "recall": 0.9491525423728814,
                "f1-score": 0.8973293768545995,
                "support": 1593
            },
            "1": {
                "precision": 0.6367713004484304,
                "recall": 0.3488943488943489,
                "f1-score": 0.45079365079365075,
                "support": 407
            },
            "accuracy": 0.827,
            "macro avg": {
                "precision": 0.7438217785303491,
                "recall": 0.6490234456336151,
                "f1-score": 0.674061513824125,
                "support": 2000
            },
            "weighted avg": {
                "precision": 0.8073027120329269,
                "recall": 0.827,
                "f1-score": 0.8064593566011964,
                "support": 2000
            },
            "roc_auc": 0.7792553724757115,
            "score": 0.827
        }
    }
}
