{
    "eval_type": "synthetic",
    "dataset": "data/insurance/",
    "metrics": {
        "train": {
            "rmse": 3920.233173937979,
            "r2": 0.8992374002539107,
            "score": -3920.233173937979
        },
        "val": {
            "rmse": 4765.312691206865,
            "r2": 0.8310041823639521,
            "score": -4765.312691206865
        },
        "test": {
            "rmse": 4804.8451340214815,
            "r2": 0.8097548208438794,
            "score": -4804.8451340214815
        }
    }
}
