{
    "eval_type": "synthetic",
    "dataset": "data/higgs-small/",
    "metrics": {
        "train": {
            "0": {
                "precision": 0.7472831690292238,
                "recall": 0.7206368278762391,
                "f1-score": 0.7337181502939973,
                "support": 236359
            },
            "1": {
                "precision": 0.7590752693664734,
                "recall": 0.7831584732778449,
                "f1-score": 0.7709288321505993,
                "support": 265641
            },
            "accuracy": 0.7537211155378486,
            "macro avg": {
                "precision": 0.7531792191978486,
                "recall": 0.751897650577042,
                "f1-score": 0.7523234912222982,
                "support": 502000
            },
            "weighted avg": {
                "precision": 0.7535231397975252,
                "recall": 0.7537211155378486,
                "f1-score": 0.753408753359873,
                "support": 502000
            },
            "roc_auc": 0.8346691689188208,
            "score": 0.7537211155378486
        },
        "val": {
            "0": {
                "precision": 0.7205529693891946,
                "recall": 0.6906435911303407,
                "f1-score": 0.7052813255091475,
                "support": 7396
            },
            "1": {
                "precision": 0.7339225491336202,
                "recall": 0.7610950313555234,
                "f1-score": 0.7472618554259663,
                "support": 8292
            },
            "accuracy": 0.7278811830698623,
            "macro avg": {
                "precision": 0.7272377592614074,
                "recall": 0.725869311242932,
                "f1-score": 0.726271590467557,
                "support": 15688
            },
            "weighted avg": {
                "precision": 0.7276195524616562,
                "recall": 0.7278811830698623,
                "f1-score": 0.7274704225304544,
                "support": 15688
            },
            "roc_auc": 0.8076253620880063,
            "score": 0.7278811830698623
        },
        "test": {
            "0": {
                "precision": 0.713218070273285,
                "recall": 0.6916170903190914,
                "f1-score": 0.7022515101592531,
                "support": 9245
            },
            "1": {
                "precision": 0.7321747299201503,
                "recall": 0.7519536903039074,
                "f1-score": 0.7419324131366016,
                "support": 10365
            },
            "accuracy": 0.7235084140744518,
            "macro avg": {
                "precision": 0.7226964000967177,
                "recall": 0.7217853903114994,
                "f1-score": 0.7220919616479273,
                "support": 19610
            },
            "weighted avg": {
                "precision": 0.7232377427485404,
                "recall": 0.7235084140744518,
                "f1-score": 0.7232251235891468,
                "support": 19610
            },
            "roc_auc": 0.8029653817385286,
            "score": 0.7235084140744518
        }
    }
}
