{
    "eval_type": "synthetic",
    "dataset": "data/buddy/",
    "metrics": {
        "train": {
            "0": {
                "precision": 0.48045160863525105,
                "recall": 0.9489960364127358,
                "f1-score": 0.6379340633600751,
                "support": 22959
            },
            "1": {
                "precision": 0.4941531497548095,
                "recall": 0.061591988339837325,
                "f1-score": 0.10953177257525083,
                "support": 21269
            },
            "2": {
                "precision": 0.0,
                "recall": 0.0,
                "f1-score": 0.0,
                "support": 3772
            },
            "accuracy": 0.48120833333333335,
            "macro avg": {
                "precision": 0.32486825279668685,
                "recall": 0.33686267491752436,
                "f1-score": 0.24915527864510864,
                "support": 48000
            },
            "weighted avg": {
                "precision": 0.4487673296831619,
                "recall": 0.48120833333333335,
                "f1-score": 0.35366582149139525,
                "support": 48000
            },
            "score": 0.48120833333333335
        },
        "val": {
            "0": {
                "precision": 0.6568193008370261,
                "recall": 0.9263888888888889,
                "f1-score": 0.7686545664073755,
                "support": 1440
            },
            "1": {
                "precision": 0.7609359104781281,
                "recall": 0.5594614809274495,
                "f1-score": 0.6448275862068966,
                "support": 1337
            },
            "2": {
                "precision": 0.0,
                "recall": 0.0,
                "f1-score": 0.0,
                "support": 237
            },
            "accuracy": 0.6907763769077637,
            "macro avg": {
                "precision": 0.47258507043838477,
                "recall": 0.4952834566054462,
                "f1-score": 0.4711607175380907,
                "support": 3014
            },
            "weighted avg": {
                "precision": 0.6513573674567269,
                "recall": 0.6907763769077637,
                "f1-score": 0.6532836955491843,
                "support": 3014
            },
            "score": 0.6907763769077637
        },
        "test": {
            "0": {
                "precision": 0.6452991452991453,
                "recall": 0.9227777777777778,
                "f1-score": 0.7594878829446731,
                "support": 1800
            },
            "1": {
                "precision": 0.7684563758389261,
                "recall": 0.5478468899521531,
                "f1-score": 0.6396648044692737,
                "support": 1672
            },
            "2": {
                "precision": 0.0,
                "recall": 0.0,
                "f1-score": 0.0,
                "support": 295
            },
            "accuracy": 0.6840987523228033,
            "macro avg": {
                "precision": 0.47125184037935713,
                "recall": 0.4902082225766436,
                "f1-score": 0.4663842291379822,
                "support": 3767
            },
            "weighted avg": {
                "precision": 0.6494285962147985,
                "recall": 0.6840987523228033,
                "f1-score": 0.6468271150446078,
                "support": 3767
            },
            "score": 0.6840987523228033
        }
    }
}
