{
    "eval_type": "synthetic",
    "dataset": "data/miniboone/",
    "metrics": {
        "train": {
            "0": {
                "precision": 0.9488800167338142,
                "recall": 0.9650197006973862,
                "f1-score": 0.9568818067178723,
                "support": 108118
            },
            "1": {
                "precision": 0.9325161037060828,
                "recall": 0.9028886354998099,
                "f1-score": 0.9174632433618609,
                "support": 57882
            },
            "accuracy": 0.943355421686747,
            "macro avg": {
                "precision": 0.9406980602199485,
                "recall": 0.9339541680985981,
                "f1-score": 0.9371725250398666,
                "support": 166000
            },
            "weighted avg": {
                "precision": 0.9431741371321808,
                "recall": 0.943355421686747,
                "f1-score": 0.9431370760903262,
                "support": 166000
            },
            "roc_auc": 0.9867167575692515,
            "score": 0.943355421686747
        },
        "val": {
            "0": {
                "precision": 0.9638849929873773,
                "recall": 0.9133497242341684,
                "f1-score": 0.9379371524105223,
                "support": 15049
            },
            "1": {
                "precision": 0.800946420393833,
                "recall": 0.910621312044429,
                "f1-score": 0.8522699585803621,
                "support": 5762
            },
            "accuracy": 0.9125943010907693,
            "macro avg": {
                "precision": 0.8824157066906051,
                "recall": 0.9119855181392986,
                "f1-score": 0.8951035554954423,
                "support": 20811
            },
            "weighted avg": {
                "precision": 0.9187717329189519,
                "recall": 0.9125943010907693,
                "f1-score": 0.9142182359312863,
                "support": 20811
            },
            "roc_auc": 0.9665512767052827,
            "score": 0.9125943010907693
        },
        "test": {
            "0": {
                "precision": 0.9636435375683445,
                "recall": 0.9136871359093581,
                "f1-score": 0.9380006584000878,
                "support": 18711
            },
            "1": {
                "precision": 0.8047630560928434,
                "recall": 0.9116680361544782,
                "f1-score": 0.8548863490432772,
                "support": 7302
            },
            "accuracy": 0.9131203628954754,
            "macro avg": {
                "precision": 0.884203296830594,
                "recall": 0.9126775860319182,
                "f1-score": 0.8964435037216825,
                "support": 26013
            },
            "weighted avg": {
                "precision": 0.9190448647611286,
                "recall": 0.9131203628954754,
                "f1-score": 0.9146699896220373,
                "support": 26013
            },
            "roc_auc": 0.9665440736836701,
            "score": 0.9131203628954754
        }
    }
}
