{
    "eval_type": "synthetic",
    "dataset": "data/churn2/",
    "metrics": {
        "train": {
            "0": {
                "precision": 0.8511926331720419,
                "recall": 0.963447294134678,
                "f1-score": 0.9038478949751018,
                "support": 41447
            },
            "1": {
                "precision": 0.7021820326321997,
                "recall": 0.33848194826115796,
                "f1-score": 0.4567774936061381,
                "support": 10553
            },
            "accuracy": 0.8366153846153846,
            "macro avg": {
                "precision": 0.7766873329021208,
                "recall": 0.650964621197918,
                "f1-score": 0.6803126942906199,
                "support": 52000
            },
            "weighted avg": {
                "precision": 0.8209520780278695,
                "recall": 0.8366153846153846,
                "f1-score": 0.813118396020358,
                "support": 52000
            },
            "roc_auc": 0.8339893452251653,
            "score": 0.8366153846153846
        },
        "val": {
            "0": {
                "precision": 0.8751783166904422,
                "recall": 0.9631083202511774,
                "f1-score": 0.9170403587443947,
                "support": 1274
            },
            "1": {
                "precision": 0.7626262626262627,
                "recall": 0.46319018404907975,
                "f1-score": 0.5763358778625954,
                "support": 326
            },
            "accuracy": 0.86125,
            "macro avg": {
                "precision": 0.8189022896583524,
                "recall": 0.7131492521501286,
                "f1-score": 0.746688118303495,
                "support": 1600
            },
            "weighted avg": {
                "precision": 0.8522458356748657,
                "recall": 0.86125,
                "f1-score": 0.8476218207647281,
                "support": 1600
            },
            "roc_auc": 0.8430971964056977,
            "score": 0.86125
        },
        "test": {
            "0": {
                "precision": 0.8682126696832579,
                "recall": 0.9635907093534212,
                "f1-score": 0.9134186254091045,
                "support": 1593
            },
            "1": {
                "precision": 0.75,
                "recall": 0.4275184275184275,
                "f1-score": 0.5446009389671362,
                "support": 407
            },
            "accuracy": 0.8545,
            "macro avg": {
                "precision": 0.809106334841629,
                "recall": 0.6955545684359243,
                "f1-score": 0.7290097821881203,
                "support": 2000
            },
            "weighted avg": {
                "precision": 0.8441563914027149,
                "recall": 0.8545,
                "f1-score": 0.838364226218164,
                "support": 2000
            },
            "roc_auc": 0.8410074172786036,
            "score": 0.8545
        }
    }
}
