{
    "eval_type": "synthetic",
    "dataset": "data/diabetes/",
    "metrics": {
        "train": {
            "0": {
                "precision": 0.8781362007168458,
                "recall": 0.9007352941176471,
                "f1-score": 0.8892921960072594,
                "support": 272
            },
            "1": {
                "precision": 0.8778280542986425,
                "recall": 0.8508771929824561,
                "f1-score": 0.8641425389755011,
                "support": 228
            },
            "accuracy": 0.878,
            "macro avg": {
                "precision": 0.8779821275077442,
                "recall": 0.8758062435500515,
                "f1-score": 0.8767173674913802,
                "support": 500
            },
            "weighted avg": {
                "precision": 0.8779956859501451,
                "recall": 0.878,
                "f1-score": 0.8778239524007777,
                "support": 500
            },
            "roc_auc": 0.9484971620227038,
            "score": 0.878
        },
        "val": {
            "0": {
                "precision": 0.8382352941176471,
                "recall": 0.7125,
                "f1-score": 0.7702702702702703,
                "support": 80
            },
            "1": {
                "precision": 0.5818181818181818,
                "recall": 0.7441860465116279,
                "f1-score": 0.6530612244897959,
                "support": 43
            },
            "accuracy": 0.7235772357723578,
            "macro avg": {
                "precision": 0.7100267379679144,
                "recall": 0.7283430232558139,
                "f1-score": 0.7116657473800331,
                "support": 123
            },
            "weighted avg": {
                "precision": 0.74859353941133,
                "recall": 0.7235772357723578,
                "f1-score": 0.7292947502006736,
                "support": 123
            },
            "roc_auc": 0.7497093023255814,
            "score": 0.7235772357723578
        },
        "test": {
            "0": {
                "precision": 0.8641975308641975,
                "recall": 0.7,
                "f1-score": 0.7734806629834253,
                "support": 100
            },
            "1": {
                "precision": 0.589041095890411,
                "recall": 0.7962962962962963,
                "f1-score": 0.6771653543307086,
                "support": 54
            },
            "accuracy": 0.7337662337662337,
            "macro avg": {
                "precision": 0.7266193133773042,
                "recall": 0.7481481481481481,
                "f1-score": 0.725323008657067,
                "support": 154
            },
            "weighted avg": {
                "precision": 0.767714105613649,
                "recall": 0.7337662337662337,
                "f1-score": 0.7397077625467583,
                "support": 154
            },
            "roc_auc": 0.8037962962962963,
            "score": 0.7337662337662337
        }
    }
}
