{
    "eval_type": "synthetic",
    "dataset": "data/diabetes/",
    "metrics": {
        "train": {
            "0": {
                "precision": 0.9376854599406528,
                "recall": 0.9634146341463414,
                "f1-score": 0.950375939849624,
                "support": 328
            },
            "1": {
                "precision": 0.9263803680981595,
                "recall": 0.877906976744186,
                "f1-score": 0.9014925373134329,
                "support": 172
            },
            "accuracy": 0.934,
            "macro avg": {
                "precision": 0.9320329140194061,
                "recall": 0.9206608054452637,
                "f1-score": 0.9259342385815285,
                "support": 500
            },
            "weighted avg": {
                "precision": 0.933796508346835,
                "recall": 0.934,
                "f1-score": 0.9335600493771742,
                "support": 500
            },
            "roc_auc": 0.9797043391945548,
            "score": 0.934
        },
        "val": {
            "0": {
                "precision": 0.7717391304347826,
                "recall": 0.8875,
                "f1-score": 0.8255813953488372,
                "support": 80
            },
            "1": {
                "precision": 0.7096774193548387,
                "recall": 0.5116279069767442,
                "f1-score": 0.5945945945945946,
                "support": 43
            },
            "accuracy": 0.7560975609756098,
            "macro avg": {
                "precision": 0.7407082748948106,
                "recall": 0.6995639534883721,
                "f1-score": 0.7100879949717159,
                "support": 123
            },
            "weighted avg": {
                "precision": 0.7500427598946396,
                "recall": 0.7560975609756098,
                "f1-score": 0.7448299121583296,
                "support": 123
            },
            "roc_auc": 0.7732558139534884,
            "score": 0.7560975609756098
        },
        "test": {
            "0": {
                "precision": 0.8181818181818182,
                "recall": 0.9,
                "f1-score": 0.8571428571428572,
                "support": 100
            },
            "1": {
                "precision": 0.7727272727272727,
                "recall": 0.6296296296296297,
                "f1-score": 0.6938775510204083,
                "support": 54
            },
            "accuracy": 0.8051948051948052,
            "macro avg": {
                "precision": 0.7954545454545454,
                "recall": 0.7648148148148148,
                "f1-score": 0.7755102040816327,
                "support": 154
            },
            "weighted avg": {
                "precision": 0.8022432113341206,
                "recall": 0.8051948051948052,
                "f1-score": 0.799893983567453,
                "support": 154
            },
            "roc_auc": 0.8533333333333333,
            "score": 0.8051948051948052
        }
    }
}
