{
    "eval_type": "synthetic",
    "dataset": "data/california/",
    "metrics": {
        "train": {
            "rmse": 0.35060222751888165,
            "r2": 0.9231898490968493,
            "score": -0.35060222751888165
        },
        "val": {
            "rmse": 0.5763367769418777,
            "r2": 0.7452474538730485,
            "score": -0.5763367769418777
        },
        "test": {
            "rmse": 0.5993746416688814,
            "r2": 0.7244920080704317,
            "score": -0.5993746416688814
        }
    }
}
