{
    "eval_type": "synthetic",
    "dataset": "data/higgs-small/",
    "metrics": {
        "train": {
            "0": {
                "precision": 0.64005971634735,
                "recall": 0.6194772668892885,
                "f1-score": 0.6296003198094198,
                "support": 62288
            },
            "1": {
                "precision": 0.635997849957767,
                "recall": 0.6561826593991634,
                "f1-score": 0.645932603897775,
                "support": 63112
            },
            "accuracy": 0.6379505582137162,
            "macro avg": {
                "precision": 0.6380287831525585,
                "recall": 0.6378299631442259,
                "f1-score": 0.6377664618535974,
                "support": 125400
            },
            "weighted avg": {
                "precision": 0.6380154379456008,
                "recall": 0.6379505582137162,
                "f1-score": 0.6378201213515591,
                "support": 125400
            },
            "roc_auc": 0.6915348638472179,
            "score": 0.6379505582137162
        },
        "val": {
            "0": {
                "precision": 0.6050172788941508,
                "recall": 0.6391292590589508,
                "f1-score": 0.6216056282464331,
                "support": 7396
            },
            "1": {
                "precision": 0.661079365079365,
                "recall": 0.6278340569223347,
                "f1-score": 0.6440279581864291,
                "support": 8292
            },
            "accuracy": 0.6331591024987251,
            "macro avg": {
                "precision": 0.633048321986758,
                "recall": 0.6334816579906428,
                "f1-score": 0.632816793216431,
                "support": 15688
            },
            "weighted avg": {
                "precision": 0.6346492790629292,
                "recall": 0.6331591024987251,
                "f1-score": 0.6334571045252735,
                "support": 15688
            },
            "roc_auc": 0.6806125662898578,
            "score": 0.6331591024987251
        },
        "test": {
            "0": {
                "precision": 0.5989821882951654,
                "recall": 0.6365603028664143,
                "f1-score": 0.6171997902464604,
                "support": 9245
            },
            "1": {
                "precision": 0.656617271333674,
                "recall": 0.6198745779064159,
                "f1-score": 0.6377171215880894,
                "support": 10365
            },
            "accuracy": 0.6277409484956655,
            "macro avg": {
                "precision": 0.6277997298144197,
                "recall": 0.6282174403864151,
                "f1-score": 0.6274584559172749,
                "support": 19610
            },
            "weighted avg": {
                "precision": 0.6294456067395378,
                "recall": 0.6277409484956655,
                "f1-score": 0.6280443664502332,
                "support": 19610
            },
            "roc_auc": 0.673900354737323,
            "score": 0.6277409484956655
        }
    }
}
