{
    "eval_type": "synthetic",
    "dataset": "data/king/",
    "metrics": {
        "train": {
            "rmse": 2792412.5640156283,
            "r2": 0.060421157490001876,
            "score": -2792412.5640156283
        },
        "val": {
            "rmse": 1260608.7717732773,
            "r2": -12.050650102728333,
            "score": -1260608.7717732773
        },
        "test": {
            "rmse": 1266634.3411136046,
            "r2": -11.98820075404387,
            "score": -1266634.3411136046
        }
    }
}
