{
    "eval_type": "synthetic",
    "dataset": "data/california/",
    "metrics": {
        "train": {
            "rmse": 0.508848445671021,
            "r2": 0.7825035889106858,
            "score": -0.508848445671021
        },
        "val": {
            "rmse": 0.5599080791168097,
            "r2": 0.7595641207703766,
            "score": -0.5599080791168097
        },
        "test": {
            "rmse": 0.5607723731413634,
            "r2": 0.7588370158553176,
            "score": -0.5607723731413634
        }
    }
}
