{
    "eval_type": "synthetic",
    "dataset": "data/california/",
    "metrics": {
        "train": {
            "rmse": 0.681076316333591,
            "r2": 0.677265768086134,
            "score": -0.681076316333591
        },
        "val": {
            "rmse": 0.6982322644999329,
            "r2": 0.62609122339409,
            "score": -0.6982322644999329
        },
        "test": {
            "rmse": 0.6921000276589719,
            "r2": 0.6326541156732695,
            "score": -0.6921000276589719
        }
    }
}
