{
    "eval_type": "synthetic",
    "dataset": "data/house/",
    "metrics": {
        "train": {
            "rmse": 211971.4348528276,
            "r2": 0.0982653944619678,
            "score": -211971.4348528276
        },
        "val": {
            "rmse": 97397.07058607796,
            "r2": -2.183305596399718,
            "score": -97397.07058607796
        },
        "test": {
            "rmse": 97722.02520751437,
            "r2": -2.3079030211222,
            "score": -97722.02520751437
        }
    }
}
