{
    "eval_type": "synthetic",
    "dataset": "data/miniboone/",
    "metrics": {
        "train": {
            "0": {
                "precision": 0.9881159066928422,
                "recall": 0.9849009563914816,
                "f1-score": 0.9865058122271337,
                "support": 477315
            },
            "1": {
                "precision": 0.9617133628704088,
                "recall": 0.9697136888341323,
                "f1-score": 0.9656969564417227,
                "support": 186685
            },
            "accuracy": 0.9806310240963856,
            "macro avg": {
                "precision": 0.9749146347816255,
                "recall": 0.977307322612807,
                "f1-score": 0.9761013843344282,
                "support": 664000
            },
            "weighted avg": {
                "precision": 0.9806927758291509,
                "recall": 0.9806310240963856,
                "f1-score": 0.9806553585489718,
                "support": 664000
            },
            "roc_auc": 0.9975318049078092,
            "score": 0.9806310240963856
        },
        "val": {
            "0": {
                "precision": 0.9715228221354517,
                "recall": 0.9589341484484019,
                "f1-score": 0.9651874393873524,
                "support": 15049
            },
            "1": {
                "precision": 0.8962565049521571,
                "recall": 0.9265879902811524,
                "f1-score": 0.9111698950422391,
                "support": 5762
            },
            "accuracy": 0.949978376819951,
            "macro avg": {
                "precision": 0.9338896635438044,
                "recall": 0.9427610693647771,
                "f1-score": 0.9381786672147958,
                "support": 20811
            },
            "weighted avg": {
                "precision": 0.9506836255754526,
                "recall": 0.949978376819951,
                "f1-score": 0.9502314502221733,
                "support": 20811
            },
            "roc_auc": 0.9869613595241775,
            "score": 0.949978376819951
        },
        "test": {
            "0": {
                "precision": 0.9675943370834903,
                "recall": 0.9606648495537384,
                "f1-score": 0.9641171422441536,
                "support": 18711
            },
            "1": {
                "precision": 0.9010220548682087,
                "recall": 0.9175568337441796,
                "f1-score": 0.9092142760211697,
                "support": 7302
            },
            "accuracy": 0.9485641794487372,
            "macro avg": {
                "precision": 0.9343081959758495,
                "recall": 0.9391108416489591,
                "f1-score": 0.9366657091326616,
                "support": 26013
            },
            "weighted avg": {
                "precision": 0.9489071112834678,
                "recall": 0.9485641794487372,
                "f1-score": 0.9487055892068174,
                "support": 26013
            },
            "roc_auc": 0.9865827229411027,
            "score": 0.9485641794487372
        }
    }
}
