{
    "eval_type": "synthetic",
    "dataset": "data/house/",
    "metrics": {
        "train": {
            "rmse": 187198.18742497533,
            "r2": 0.41887288041291926,
            "score": -187198.18742497533
        },
        "val": {
            "rmse": 189339.3209808196,
            "r2": -11.030071125911363,
            "score": -189339.3209808196
        },
        "test": {
            "rmse": 189086.48688605457,
            "r2": -11.38479600068454,
            "score": -189086.48688605457
        }
    }
}
