{
    "eval_type": "synthetic",
    "dataset": "data/abalone/",
    "metrics": {
        "train": {
            "rmse": 2.1155946142638204,
            "r2": 0.6464149223475468,
            "score": -2.1155946142638204
        },
        "val": {
            "rmse": 2.058622242128969,
            "r2": 0.5657913517867674,
            "score": -2.058622242128969
        },
        "test": {
            "rmse": 2.045200605715513,
            "r2": 0.5402944882523677,
            "score": -2.045200605715513
        }
    }
}
