{
    "eval_type": "synthetic",
    "dataset": "data/house/",
    "metrics": {
        "train": {
            "rmse": 87358.0854062329,
            "r2": 0.8615939260915662,
            "score": -87358.0854062329
        },
        "val": {
            "rmse": 40972.90692493529,
            "r2": 0.43664770202862824,
            "score": -40972.90692493529
        },
        "test": {
            "rmse": 41597.4642121152,
            "r2": 0.4006209676963922,
            "score": -41597.4642121152
        }
    }
}
