{
    "eval_type": "synthetic",
    "dataset": "data/abalone/",
    "metrics": {
        "train": {
            "rmse": 2.408894997357391,
            "r2": 0.61619383183775,
            "score": -2.408894997357391
        },
        "val": {
            "rmse": 2.100669698944733,
            "r2": 0.5478727430934254,
            "score": -2.100669698944733
        },
        "test": {
            "rmse": 2.128076268700937,
            "r2": 0.5022832427743946,
            "score": -2.128076268700937
        }
    }
}
