{
    "eval_type": "synthetic",
    "dataset": "data/cardio/",
    "metrics": {
        "train": {
            "0": {
                "precision": 0.7728361606416997,
                "recall": 0.7933635999465883,
                "f1-score": 0.7829653585763467,
                "support": 89868
            },
            "1": {
                "precision": 0.7864167002127782,
                "recall": 0.7654032149733578,
                "f1-score": 0.7757676838158126,
                "support": 89332
            },
            "accuracy": 0.7794252232142858,
            "macro avg": {
                "precision": 0.7796264304272389,
                "recall": 0.779383407459973,
                "f1-score": 0.7793665211960796,
                "support": 179200
            },
            "weighted avg": {
                "precision": 0.7796061202452911,
                "recall": 0.7794252232142858,
                "f1-score": 0.7793772855757438,
                "support": 179200
            },
            "roc_auc": 0.8554576066479915,
            "score": 0.7794252232142858
        },
        "val": {
            "0": {
                "precision": 0.7104381443298969,
                "recall": 0.7901676938512254,
                "f1-score": 0.7481848408767049,
                "support": 6977
            },
            "1": {
                "precision": 0.7653846153846153,
                "recall": 0.6800512601452371,
                "f1-score": 0.7201990499886904,
                "support": 7023
            },
            "accuracy": 0.7349285714285714,
            "macro avg": {
                "precision": 0.7379113798572561,
                "recall": 0.7351094769982313,
                "f1-score": 0.7341919454326977,
                "support": 14000
            },
            "weighted avg": {
                "precision": 0.7380016490597032,
                "recall": 0.7349285714285714,
                "f1-score": 0.7341459687762388,
                "support": 14000
            },
            "roc_auc": 0.7955385783654685,
            "score": 0.7349285714285714
        },
        "test": {
            "0": {
                "precision": 0.7064972660019299,
                "recall": 0.7876994800071723,
                "f1-score": 0.7448919033488767,
                "support": 5577
            },
            "1": {
                "precision": 0.7623444399839422,
                "recall": 0.6754401565000889,
                "f1-score": 0.7162659123055163,
                "support": 5623
            },
            "accuracy": 0.7313392857142857,
            "macro avg": {
                "precision": 0.734420852992936,
                "recall": 0.7315698182536305,
                "f1-score": 0.7305789078271965,
                "support": 11200
            },
            "weighted avg": {
                "precision": 0.7345355391537919,
                "recall": 0.7313392857142857,
                "f1-score": 0.7305201223098753,
                "support": 11200
            },
            "roc_auc": 0.7991743387508035,
            "score": 0.7313392857142857
        }
    }
}
