{
    "eval_type": "synthetic",
    "dataset": "data/diabetes/",
    "metrics": {
        "train": {
            "0": {
                "precision": 0.9281345565749235,
                "recall": 0.9410852713178295,
                "f1-score": 0.9345650500384911,
                "support": 645
            },
            "1": {
                "precision": 0.8901734104046243,
                "recall": 0.8676056338028169,
                "f1-score": 0.8787446504992869,
                "support": 355
            },
            "accuracy": 0.915,
            "macro avg": {
                "precision": 0.9091539834897739,
                "recall": 0.9043454525603232,
                "f1-score": 0.9066548502688889,
                "support": 1000
            },
            "weighted avg": {
                "precision": 0.9146583496844674,
                "recall": 0.915,
                "f1-score": 0.9147488082020736,
                "support": 1000
            },
            "roc_auc": 0.9715995195982093,
            "score": 0.915
        },
        "val": {
            "0": {
                "precision": 0.797752808988764,
                "recall": 0.8875,
                "f1-score": 0.8402366863905325,
                "support": 80
            },
            "1": {
                "precision": 0.7352941176470589,
                "recall": 0.5813953488372093,
                "f1-score": 0.6493506493506493,
                "support": 43
            },
            "accuracy": 0.7804878048780488,
            "macro avg": {
                "precision": 0.7665234633179114,
                "recall": 0.7344476744186046,
                "f1-score": 0.7447936678705909,
                "support": 123
            },
            "weighted avg": {
                "precision": 0.7759176567310948,
                "recall": 0.7804878048780488,
                "f1-score": 0.7735041693765896,
                "support": 123
            },
            "roc_auc": 0.7869186046511628,
            "score": 0.7804878048780488
        },
        "test": {
            "0": {
                "precision": 0.8252427184466019,
                "recall": 0.85,
                "f1-score": 0.8374384236453202,
                "support": 100
            },
            "1": {
                "precision": 0.7058823529411765,
                "recall": 0.6666666666666666,
                "f1-score": 0.6857142857142857,
                "support": 54
            },
            "accuracy": 0.7857142857142857,
            "macro avg": {
                "precision": 0.7655625356938892,
                "recall": 0.7583333333333333,
                "f1-score": 0.7615763546798029,
                "support": 154
            },
            "weighted avg": {
                "precision": 0.7833890837888553,
                "recall": 0.7857142857142857,
                "f1-score": 0.7842364532019704,
                "support": 154
            },
            "roc_auc": 0.8488888888888889,
            "score": 0.7857142857142857
        }
    }
}
