{
    "eval_type": "synthetic",
    "dataset": "data/gesture/",
    "metrics": {
        "train": {
            "0": {
                "precision": 0.7772206303724928,
                "recall": 0.8272969881814716,
                "f1-score": 0.8014773776546629,
                "support": 2623
            },
            "1": {
                "precision": 0.8338717120443009,
                "recall": 0.7839479392624729,
                "f1-score": 0.8081395348837208,
                "support": 2305
            },
            "2": {
                "precision": 0.7845220030349014,
                "recall": 0.8164232135807343,
                "f1-score": 0.800154768814084,
                "support": 2533
            },
            "3": {
                "precision": 0.8182902584493041,
                "recall": 0.8600083577099875,
                "f1-score": 0.8386308068459658,
                "support": 2393
            },
            "4": {
                "precision": 0.857429718875502,
                "recall": 0.7774945375091041,
                "f1-score": 0.8155080213903744,
                "support": 2746
            },
            "accuracy": 0.8125396825396826,
            "macro avg": {
                "precision": 0.8142668645553002,
                "recall": 0.813034207248754,
                "f1-score": 0.8127821019177617,
                "support": 12600
            },
            "weighted avg": {
                "precision": 0.8143324476125303,
                "recall": 0.8125396825396826,
                "f1-score": 0.8125442354302853,
                "support": 12600
            },
            "score": 0.8125396825396826
        },
        "val": {
            "0": {
                "precision": 0.4927536231884058,
                "recall": 0.6195899772209568,
                "f1-score": 0.5489404641775985,
                "support": 439
            },
            "1": {
                "precision": 0.18125,
                "recall": 0.18125,
                "f1-score": 0.18125000000000002,
                "support": 160
            },
            "2": {
                "precision": 0.45806451612903226,
                "recall": 0.42388059701492536,
                "f1-score": 0.4403100775193799,
                "support": 335
            },
            "3": {
                "precision": 0.26744186046511625,
                "recall": 0.39655172413793105,
                "f1-score": 0.3194444444444444,
                "support": 174
            },
            "4": {
                "precision": 0.5666666666666667,
                "recall": 0.3601694915254237,
                "f1-score": 0.44041450777202074,
                "support": 472
            },
            "accuracy": 0.4316455696202532,
            "macro avg": {
                "precision": 0.3932353332898442,
                "recall": 0.3962883579798474,
                "f1-score": 0.3860718987826887,
                "support": 1580
            },
            "weighted avg": {
                "precision": 0.45112152143704615,
                "recall": 0.4316455696202532,
                "f1-score": 0.4309795700915729,
                "support": 1580
            },
            "score": 0.4316455696202532
        },
        "test": {
            "0": {
                "precision": 0.5313935681470138,
                "recall": 0.6332116788321168,
                "f1-score": 0.5778517901748542,
                "support": 548
            },
            "1": {
                "precision": 0.1651376146788991,
                "recall": 0.18,
                "f1-score": 0.17224880382775118,
                "support": 200
            },
            "2": {
                "precision": 0.44173441734417346,
                "recall": 0.3880952380952381,
                "f1-score": 0.4131812420785805,
                "support": 420
            },
            "3": {
                "precision": 0.26900584795321636,
                "recall": 0.423963133640553,
                "f1-score": 0.32915921288014305,
                "support": 217
            },
            "4": {
                "precision": 0.5419847328244275,
                "recall": 0.3610169491525424,
                "f1-score": 0.4333672431332655,
                "support": 590
            },
            "accuracy": 0.43088607594936706,
            "macro avg": {
                "precision": 0.38985123618954604,
                "recall": 0.39725739994409004,
                "f1-score": 0.3851616584189189,
                "support": 1975
            },
            "weighted avg": {
                "precision": 0.44957210882893994,
                "recall": 0.43088607594936706,
                "f1-score": 0.4312723473913883,
                "support": 1975
            },
            "score": 0.43088607594936706
        }
    }
}
