{
    "eval_type": "synthetic",
    "dataset": "data/insurance/",
    "metrics": {
        "train": {
            "rmse": 4223.028530896015,
            "r2": 0.9035121908704778,
            "score": -4223.028530896015
        },
        "val": {
            "rmse": 5039.550098358385,
            "r2": 0.8109935246096256,
            "score": -5039.550098358385
        },
        "test": {
            "rmse": 4785.556417525024,
            "r2": 0.8112792069899132,
            "score": -4785.556417525024
        }
    }
}
