{
    "eval_type": "synthetic",
    "dataset": "data/abalone/",
    "metrics": {
        "train": {
            "rmse": 2.336843017092358,
            "r2": 0.6224241075537392,
            "score": -2.336843017092358
        },
        "val": {
            "rmse": 2.107204977179872,
            "r2": 0.545055190532912,
            "score": -2.107204977179872
        },
        "test": {
            "rmse": 2.1337554050296017,
            "r2": 0.49962321315604286,
            "score": -2.1337554050296017
        }
    }
}
