{
    "eval_type": "synthetic",
    "dataset": "data/california/",
    "metrics": {
        "train": {
            "rmse": 0.40623116291877437,
            "r2": 0.8789038790546209,
            "score": -0.40623116291877437
        },
        "val": {
            "rmse": 0.5090706933046376,
            "r2": 0.8012431977147183,
            "score": -0.5090706933046376
        },
        "test": {
            "rmse": 0.5178824899224294,
            "r2": 0.7943163001241786,
            "score": -0.5178824899224294
        }
    }
}
