{
    "eval_type": "synthetic",
    "dataset": "data/house/",
    "metrics": {
        "train": {
            "rmse": 107036.56287030385,
            "r2": 0.7896407915118465,
            "score": -107036.56287030385
        },
        "val": {
            "rmse": 42412.619100678916,
            "r2": 0.39636182267260633,
            "score": -42412.619100678916
        },
        "test": {
            "rmse": 42366.24879708602,
            "r2": 0.37826136325865745,
            "score": -42366.24879708602
        }
    }
}
