{
    "eval_type": "synthetic",
    "dataset": "data/king/",
    "metrics": {
        "train": {
            "rmse": 421633.87764647126,
            "r2": 0.9479679551228348,
            "score": -421633.87764647126
        },
        "val": {
            "rmse": 169519.38357806994,
            "r2": 0.7640009658980796,
            "score": -169519.38357806994
        },
        "test": {
            "rmse": 164479.66097954605,
            "r2": 0.7809865027722409,
            "score": -164479.66097954605
        }
    }
}
