{
    "eval_type": "synthetic",
    "dataset": "data/buddy/",
    "metrics": {
        "train": {
            "0": {
                "precision": 0.9369269478442578,
                "recall": 0.9569232109412431,
                "f1-score": 0.9468195138769179,
                "support": 22959
            },
            "1": {
                "precision": 0.9474670768047678,
                "recall": 0.9268418825520711,
                "f1-score": 0.9370409982174689,
                "support": 21269
            },
            "2": {
                "precision": 0.9794392523364486,
                "recall": 0.9724284199363733,
                "f1-score": 0.9759212451775975,
                "support": 3772
            },
            "accuracy": 0.9448125,
            "macro avg": {
                "precision": 0.9546110923284914,
                "recall": 0.9520645044765624,
                "f1-score": 0.9532605857573281,
                "support": 48000
            },
            "weighted avg": {
                "precision": 0.9449380814985419,
                "recall": 0.9448125,
                "f1-score": 0.9447735238957791,
                "support": 48000
            },
            "score": 0.9448125
        },
        "val": {
            "0": {
                "precision": 0.8991198375084631,
                "recall": 0.9222222222222223,
                "f1-score": 0.9105245114844019,
                "support": 1440
            },
            "1": {
                "precision": 0.9039200614911607,
                "recall": 0.8795811518324608,
                "f1-score": 0.8915845337376801,
                "support": 1337
            },
            "2": {
                "precision": 0.9491525423728814,
                "recall": 0.9451476793248945,
                "f1-score": 0.9471458773784355,
                "support": 237
            },
            "accuracy": 0.9051094890510949,
            "macro avg": {
                "precision": 0.9173974804575017,
                "recall": 0.9156503511265258,
                "f1-score": 0.9164183075335058,
                "support": 3014
            },
            "weighted avg": {
                "precision": 0.9051834242761252,
                "recall": 0.9051094890510949,
                "f1-score": 0.9050024522506657,
                "support": 3014
            },
            "score": 0.9051094890510949
        },
        "test": {
            "0": {
                "precision": 0.8932461873638344,
                "recall": 0.9111111111111111,
                "f1-score": 0.902090209020902,
                "support": 1800
            },
            "1": {
                "precision": 0.8896341463414634,
                "recall": 0.8726076555023924,
                "f1-score": 0.8810386473429952,
                "support": 1672
            },
            "2": {
                "precision": 0.9415807560137457,
                "recall": 0.9288135593220339,
                "f1-score": 0.9351535836177474,
                "support": 295
            },
            "accuracy": 0.8954074860631802,
            "macro avg": {
                "precision": 0.9081536965730145,
                "recall": 0.9041774419785126,
                "f1-score": 0.9060941466605481,
                "support": 3767
            },
            "weighted avg": {
                "precision": 0.8954281266158438,
                "recall": 0.8954074860631802,
                "f1-score": 0.8953356256337528,
                "support": 3767
            },
            "score": 0.8954074860631802
        }
    }
}
