{
    "eval_type": "synthetic",
    "dataset": "data/house/",
    "metrics": {
        "train": {
            "rmse": 43552.4352427174,
            "r2": 0.38572232117094596,
            "score": -43552.4352427174
        },
        "val": {
            "rmse": 42405.416791672316,
            "r2": 0.3965667718871678,
            "score": -42405.416791672316
        },
        "test": {
            "rmse": 43244.21717512371,
            "r2": 0.3522253801699985,
            "score": -43244.21717512371
        }
    }
}
