{
    "eval_type": "synthetic",
    "dataset": "data/diabetes/",
    "metrics": {
        "train": {
            "0": {
                "precision": 0.9090909090909091,
                "recall": 0.75,
                "f1-score": 0.821917808219178,
                "support": 80
            },
            "1": {
                "precision": 0.6428571428571429,
                "recall": 0.8571428571428571,
                "f1-score": 0.7346938775510204,
                "support": 42
            },
            "accuracy": 0.7868852459016393,
            "macro avg": {
                "precision": 0.775974025974026,
                "recall": 0.8035714285714286,
                "f1-score": 0.7783058428850993,
                "support": 122
            },
            "weighted avg": {
                "precision": 0.8174366616989567,
                "recall": 0.7868852459016393,
                "f1-score": 0.7918898976612877,
                "support": 122
            },
            "roc_auc": 0.8355654761904762,
            "score": 0.7868852459016393
        },
        "val": {
            "0": {
                "precision": 0.7804878048780488,
                "recall": 0.8,
                "f1-score": 0.7901234567901235,
                "support": 80
            },
            "1": {
                "precision": 0.6097560975609756,
                "recall": 0.5813953488372093,
                "f1-score": 0.5952380952380952,
                "support": 43
            },
            "accuracy": 0.7235772357723578,
            "macro avg": {
                "precision": 0.6951219512195121,
                "recall": 0.6906976744186046,
                "f1-score": 0.6926807760141094,
                "support": 123
            },
            "weighted avg": {
                "precision": 0.7208011104501288,
                "recall": 0.7235772357723578,
                "f1-score": 0.7219928019386014,
                "support": 123
            },
            "roc_auc": 0.7077034883720931,
            "score": 0.7235772357723578
        },
        "test": {
            "0": {
                "precision": 0.8426966292134831,
                "recall": 0.75,
                "f1-score": 0.7936507936507935,
                "support": 100
            },
            "1": {
                "precision": 0.6153846153846154,
                "recall": 0.7407407407407407,
                "f1-score": 0.6722689075630253,
                "support": 54
            },
            "accuracy": 0.7467532467532467,
            "macro avg": {
                "precision": 0.7290406222990493,
                "recall": 0.7453703703703703,
                "f1-score": 0.7329598506069094,
                "support": 154
            },
            "weighted avg": {
                "precision": 0.7629898191695945,
                "recall": 0.7467532467532467,
                "f1-score": 0.7510883141135241,
                "support": 154
            },
            "roc_auc": 0.7396296296296295,
            "score": 0.7467532467532467
        }
    }
}
