{
    "eval_type": "synthetic",
    "dataset": "data/insurance/",
    "metrics": {
        "train": {
            "rmse": 5061.838856410042,
            "r2": 0.9144617583251402,
            "score": -5061.838856410042
        },
        "val": {
            "rmse": 5332.273038931855,
            "r2": 0.788398906188696,
            "score": -5332.273038931855
        },
        "test": {
            "rmse": 5214.833723744936,
            "r2": 0.7759031239182215,
            "score": -5214.833723744936
        }
    }
}
