{
    "eval_type": "synthetic",
    "dataset": "data/california/",
    "metrics": {
        "train": {
            "rmse": 0.31885077546460505,
            "r2": 0.9251337995479288,
            "score": -0.31885077546460505
        },
        "val": {
            "rmse": 0.5296286266417638,
            "r2": 0.7848661394610688,
            "score": -0.5296286266417638
        },
        "test": {
            "rmse": 0.5347230487911575,
            "r2": 0.7807218975062072,
            "score": -0.5347230487911575
        }
    }
}
