{
    "eval_type": "synthetic",
    "dataset": "data/gesture/",
    "metrics": {
        "train": {
            "0": {
                "precision": 0.71999273651716,
                "recall": 0.8229555832295559,
                "f1-score": 0.7680387409200969,
                "support": 4818
            },
            "1": {
                "precision": 0.7071885585246519,
                "recall": 0.7109345440786985,
                "f1-score": 0.709056603773585,
                "support": 2643
            },
            "2": {
                "precision": 0.747943006221152,
                "recall": 0.7003006388575723,
                "f1-score": 0.723338185346919,
                "support": 5322
            },
            "3": {
                "precision": 0.7454316320100819,
                "recall": 0.6336368505623996,
                "f1-score": 0.685002895193978,
                "support": 3734
            },
            "4": {
                "precision": 0.767203513909224,
                "recall": 0.7845214787515835,
                "f1-score": 0.7757658581027218,
                "support": 8683
            },
            "accuracy": 0.7440079365079365,
            "macro avg": {
                "precision": 0.7375518894364539,
                "recall": 0.730469819095962,
                "f1-score": 0.7322404566674601,
                "support": 25200
            },
            "weighted avg": {
                "precision": 0.7445891614693945,
                "recall": 0.7440079365079365,
                "f1-score": 0.7427709855755223,
                "support": 25200
            },
            "score": 0.7440079365079365
        },
        "val": {
            "0": {
                "precision": 0.591337099811676,
                "recall": 0.715261958997722,
                "f1-score": 0.6474226804123712,
                "support": 439
            },
            "1": {
                "precision": 0.30303030303030304,
                "recall": 0.1875,
                "f1-score": 0.23166023166023167,
                "support": 160
            },
            "2": {
                "precision": 0.4533333333333333,
                "recall": 0.3044776119402985,
                "f1-score": 0.36428571428571427,
                "support": 335
            },
            "3": {
                "precision": 0.3581081081081081,
                "recall": 0.3045977011494253,
                "f1-score": 0.32919254658385094,
                "support": 174
            },
            "4": {
                "precision": 0.49566724436741766,
                "recall": 0.6059322033898306,
                "f1-score": 0.5452812202097236,
                "support": 472
            },
            "accuracy": 0.49683544303797467,
            "macro avg": {
                "precision": 0.44029521773016767,
                "recall": 0.42355389509545527,
                "f1-score": 0.4235684786303783,
                "support": 1580
            },
            "weighted avg": {
                "precision": 0.4786166152665018,
                "recall": 0.49683544303797467,
                "f1-score": 0.4797292070233936,
                "support": 1580
            },
            "score": 0.49683544303797467
        },
        "test": {
            "0": {
                "precision": 0.5753846153846154,
                "recall": 0.6824817518248175,
                "f1-score": 0.6243739565943238,
                "support": 548
            },
            "1": {
                "precision": 0.31496062992125984,
                "recall": 0.2,
                "f1-score": 0.24464831804281342,
                "support": 200
            },
            "2": {
                "precision": 0.4276094276094276,
                "recall": 0.30238095238095236,
                "f1-score": 0.3542538354253835,
                "support": 420
            },
            "3": {
                "precision": 0.35714285714285715,
                "recall": 0.2995391705069124,
                "f1-score": 0.3258145363408521,
                "support": 217
            },
            "4": {
                "precision": 0.48817802503477054,
                "recall": 0.5949152542372881,
                "f1-score": 0.5362872421695951,
                "support": 590
            },
            "accuracy": 0.48455696202531645,
            "macro avg": {
                "precision": 0.43265511101858617,
                "recall": 0.4158634257899941,
                "f1-score": 0.4170755777145936,
                "support": 1975
            },
            "weighted avg": {
                "precision": 0.46755639978809893,
                "recall": 0.48455696202531645,
                "f1-score": 0.46935920504655154,
                "support": 1975
            },
            "score": 0.48455696202531645
        }
    }
}
