{
    "eval_type": "synthetic",
    "dataset": "data/abalone/",
    "metrics": {
        "train": {
            "rmse": 1.8675689369054096,
            "r2": 0.65760097250145,
            "score": -1.8675689369054096
        },
        "val": {
            "rmse": 2.076590910907205,
            "r2": 0.5581782970651337,
            "score": -2.076590910907205
        },
        "test": {
            "rmse": 2.0272955667655266,
            "r2": 0.5483083868046928,
            "score": -2.0272955667655266
        }
    }
}
