{
    "eval_type": "synthetic",
    "dataset": "data/higgs-small/",
    "metrics": {
        "train": {
            "0": {
                "precision": 0.8110457393947575,
                "recall": 0.7869565952268271,
                "f1-score": 0.7988196009719418,
                "support": 236656
            },
            "1": {
                "precision": 0.8148989834092686,
                "recall": 0.8364851216497332,
                "f1-score": 0.8255509704630366,
                "support": 265352
            },
            "accuracy": 0.8131364440407324,
            "macro avg": {
                "precision": 0.812972361402013,
                "recall": 0.8117208584382802,
                "f1-score": 0.8121852857174892,
                "support": 502008
            },
            "weighted avg": {
                "precision": 0.813082491808541,
                "recall": 0.8131364440407324,
                "f1-score": 0.812949300811787,
                "support": 502008
            },
            "roc_auc": 0.8963002390232057,
            "score": 0.8131364440407324
        },
        "val": {
            "0": {
                "precision": 0.7129679144385027,
                "recall": 0.7210654407787993,
                "f1-score": 0.7169938155418122,
                "support": 7396
            },
            "1": {
                "precision": 0.7486598440545809,
                "recall": 0.7410757356488181,
                "f1-score": 0.7448484848484848,
                "support": 8292
            },
            "accuracy": 0.7316420193778684,
            "macro avg": {
                "precision": 0.7308138792465417,
                "recall": 0.7310705882138087,
                "f1-score": 0.7309211501951485,
                "support": 15688
            },
            "weighted avg": {
                "precision": 0.7318331286389438,
                "recall": 0.7316420193778684,
                "f1-score": 0.7317165920519427,
                "support": 15688
            },
            "roc_auc": 0.8094293776091013,
            "score": 0.7316420193778684
        },
        "test": {
            "0": {
                "precision": 0.6985580465214188,
                "recall": 0.7179015684153597,
                "f1-score": 0.7080977275152033,
                "support": 9245
            },
            "1": {
                "precision": 0.742012068453853,
                "recall": 0.7236854799807043,
                "f1-score": 0.7327341994725017,
                "support": 10365
            },
            "accuracy": 0.7209586945436002,
            "macro avg": {
                "precision": 0.7202850574876359,
                "recall": 0.720793524198032,
                "f1-score": 0.7204159634938525,
                "support": 19610
            },
            "weighted avg": {
                "precision": 0.7215259678538859,
                "recall": 0.7209586945436002,
                "f1-score": 0.7211195037435255,
                "support": 19610
            },
            "roc_auc": 0.8015859735135379,
            "score": 0.7209586945436002
        }
    }
}
