{
    "eval_type": "synthetic",
    "dataset": "data/buddy/",
    "metrics": {
        "train": {
            "0": {
                "precision": 0.4834848874447743,
                "recall": 0.9008667624896555,
                "f1-score": 0.6292555295263014,
                "support": 22959
            },
            "1": {
                "precision": 0.4991380961501628,
                "recall": 0.12252574168978325,
                "f1-score": 0.1967534918837297,
                "support": 21269
            },
            "2": {
                "precision": 0.0,
                "recall": 0.0,
                "f1-score": 0.0,
                "support": 3772
            },
            "accuracy": 0.4851875,
            "macro avg": {
                "precision": 0.3275409945316457,
                "recall": 0.3411308347264796,
                "f1-score": 0.2753363404700104,
                "support": 48000
            },
            "weighted avg": {
                "precision": 0.4524270353721331,
                "recall": 0.4851875,
                "f1-score": 0.38816307752644585,
                "support": 48000
            },
            "score": 0.4851875
        },
        "val": {
            "0": {
                "precision": 0.5445920303605313,
                "recall": 0.9965277777777778,
                "f1-score": 0.7042944785276074,
                "support": 1440
            },
            "1": {
                "precision": 0.6147757255936676,
                "recall": 0.17427075542258788,
                "f1-score": 0.2715617715617716,
                "support": 1337
            },
            "2": {
                "precision": 0.0,
                "recall": 0.0,
                "f1-score": 0.0,
                "support": 237
            },
            "accuracy": 0.5534173855341739,
            "macro avg": {
                "precision": 0.3864559186513996,
                "recall": 0.39026617773345523,
                "f1-score": 0.32528541669645966,
                "support": 3014
            },
            "weighted avg": {
                "precision": 0.5329023453344056,
                "recall": 0.5534173855341739,
                "f1-score": 0.4569549229123568,
                "support": 3014
            },
            "score": 0.5534173855341739
        },
        "test": {
            "0": {
                "precision": 0.5437481077808053,
                "recall": 0.9977777777777778,
                "f1-score": 0.7038996668626297,
                "support": 1800
            },
            "1": {
                "precision": 0.5431034482758621,
                "recall": 0.1507177033492823,
                "f1-score": 0.23595505617977527,
                "support": 1672
            },
            "2": {
                "precision": 0.0,
                "recall": 0.0,
                "f1-score": 0.0,
                "support": 295
            },
            "accuracy": 0.543668701884789,
            "macro avg": {
                "precision": 0.36228385201888913,
                "recall": 0.38283182704235336,
                "f1-score": 0.3132849076808017,
                "support": 3767
            },
            "weighted avg": {
                "precision": 0.500880159151232,
                "recall": 0.543668701884789,
                "f1-score": 0.44107678637783854,
                "support": 3767
            },
            "score": 0.543668701884789
        }
    }
}
