{
    "eval_type": "synthetic",
    "dataset": "data/buddy/",
    "metrics": {
        "train": {
            "0": {
                "precision": 0.7267670748004479,
                "recall": 0.8764319003440917,
                "f1-score": 0.7946135923863681,
                "support": 22959
            },
            "1": {
                "precision": 0.7921603893355903,
                "recall": 0.7040763552588274,
                "f1-score": 0.7455256017723345,
                "support": 21269
            },
            "2": {
                "precision": 0.8644428672817601,
                "recall": 0.3229056203605514,
                "f1-score": 0.4701795020266358,
                "support": 3772
            },
            "accuracy": 0.7565625,
            "macro avg": {
                "precision": 0.7944567771392661,
                "recall": 0.6344712919878235,
                "f1-score": 0.6701062320617795,
                "support": 48000
            },
            "weighted avg": {
                "precision": 0.7665621476356032,
                "recall": 0.7565625,
                "f1-score": 0.7473673869445601,
                "support": 48000
            },
            "score": 0.7565625
        },
        "val": {
            "0": {
                "precision": 0.919970631424376,
                "recall": 0.8701388888888889,
                "f1-score": 0.8943611705924339,
                "support": 1440
            },
            "1": {
                "precision": 0.8096497025776602,
                "recall": 0.9162303664921466,
                "f1-score": 0.8596491228070174,
                "support": 1337
            },
            "2": {
                "precision": 0.9712230215827338,
                "recall": 0.569620253164557,
                "f1-score": 0.7180851063829787,
                "support": 237
            },
            "accuracy": 0.8669542136695422,
            "macro avg": {
                "precision": 0.9002811185282567,
                "recall": 0.7853298361818641,
                "f1-score": 0.8240317999274768,
                "support": 3014
            },
            "weighted avg": {
                "precision": 0.8750627795993832,
                "recall": 0.8669542136695422,
                "f1-score": 0.8651019021429506,
                "support": 3014
            },
            "score": 0.8669542136695422
        },
        "test": {
            "0": {
                "precision": 0.9133996489174956,
                "recall": 0.8672222222222222,
                "f1-score": 0.889712168709034,
                "support": 1800
            },
            "1": {
                "precision": 0.8191603875134553,
                "recall": 0.9102870813397129,
                "f1-score": 0.8623229461756374,
                "support": 1672
            },
            "2": {
                "precision": 0.98,
                "recall": 0.6644067796610169,
                "f1-score": 0.7919191919191918,
                "support": 295
            },
            "accuracy": 0.8704539421290152,
            "macro avg": {
                "precision": 0.904186678810317,
                "recall": 0.813972027740984,
                "f1-score": 0.847984768934621,
                "support": 3767
            },
            "weighted avg": {
                "precision": 0.8767867098417811,
                "recall": 0.8704539421290152,
                "f1-score": 0.8698970085739551,
                "support": 3767
            },
            "score": 0.8704539421290152
        }
    }
}
