{
    "eval_type": "synthetic",
    "dataset": "data/king/",
    "metrics": {
        "train": {
            "rmse": 56966.160956041575,
            "r2": 0.9717525938738811,
            "score": -56966.160956041575
        },
        "val": {
            "rmse": 128468.01066075715,
            "r2": 0.8644618683640867,
            "score": -128468.01066075715
        },
        "test": {
            "rmse": 139412.8701954883,
            "r2": 0.8426552659738159,
            "score": -139412.8701954883
        }
    }
}
