{
    "eval_type": "synthetic",
    "dataset": "data/abalone/",
    "metrics": {
        "train": {
            "rmse": 2.5460988029342295,
            "r2": 0.6130524728247375,
            "score": -2.5460988029342295
        },
        "val": {
            "rmse": 2.1154805096360234,
            "r2": 0.5414748047040365,
            "score": -2.1154805096360234
        },
        "test": {
            "rmse": 2.137556585232377,
            "r2": 0.49783883195549217,
            "score": -2.137556585232377
        }
    }
}
