{
    "eval_type": "synthetic",
    "dataset": "data/king/",
    "metrics": {
        "train": {
            "rmse": 320659.4240840099,
            "r2": 0.6862391717876575,
            "score": -320659.4240840099
        },
        "val": {
            "rmse": 187578.97784377905,
            "r2": 0.7110386041948753,
            "score": -187578.97784377905
        },
        "test": {
            "rmse": 187469.64850800848,
            "r2": 0.715482878645867,
            "score": -187469.64850800848
        }
    }
}
