{
    "eval_type": "synthetic",
    "dataset": "data/california/",
    "metrics": {
        "train": {
            "rmse": 0.3200701363010903,
            "r2": 0.9281568067403813,
            "score": -0.3200701363010903
        },
        "val": {
            "rmse": 0.5455344303895477,
            "r2": 0.7717503506768573,
            "score": -0.5455344303895477
        },
        "test": {
            "rmse": 0.5552041678624492,
            "r2": 0.76360253056018,
            "score": -0.5552041678624492
        }
    }
}
