{
    "eval_type": "synthetic",
    "dataset": "data/churn2/",
    "metrics": {
        "train": {
            "0": {
                "precision": 0.8180225506491173,
                "recall": 0.9414745114259125,
                "f1-score": 0.8754176381510949,
                "support": 38684
            },
            "1": {
                "precision": 0.6972452527413747,
                "recall": 0.3915590267347552,
                "f1-score": 0.5014908146580744,
                "support": 13316
            },
            "accuracy": 0.8006538461538462,
            "macro avg": {
                "precision": 0.757633901695246,
                "recall": 0.6665167690803339,
                "f1-score": 0.6884542264045846,
                "support": 52000
            },
            "weighted avg": {
                "precision": 0.7870942718233577,
                "recall": 0.8006538461538462,
                "f1-score": 0.7796636077350745,
                "support": 52000
            },
            "roc_auc": 0.8066441274261441,
            "score": 0.8006538461538462
        },
        "val": {
            "0": {
                "precision": 0.8646131805157593,
                "recall": 0.9474097331240189,
                "f1-score": 0.9041198501872659,
                "support": 1274
            },
            "1": {
                "precision": 0.6715686274509803,
                "recall": 0.42024539877300615,
                "f1-score": 0.5169811320754718,
                "support": 326
            },
            "accuracy": 0.84,
            "macro avg": {
                "precision": 0.7680909039833699,
                "recall": 0.6838275659485125,
                "f1-score": 0.7105504911313689,
                "support": 1600
            },
            "weighted avg": {
                "precision": 0.8252803528288106,
                "recall": 0.84,
                "f1-score": 0.825240336371988,
                "support": 1600
            },
            "roc_auc": 0.8093921853781627,
            "score": 0.84
        },
        "test": {
            "0": {
                "precision": 0.858877964141122,
                "recall": 0.9322033898305084,
                "f1-score": 0.8940397350993378,
                "support": 1593
            },
            "1": {
                "precision": 0.6014760147601476,
                "recall": 0.4004914004914005,
                "f1-score": 0.48082595870206485,
                "support": 407
            },
            "accuracy": 0.824,
            "macro avg": {
                "precision": 0.7301769894506348,
                "recall": 0.6663473951609544,
                "f1-score": 0.6874328469007013,
                "support": 2000
            },
            "weighted avg": {
                "precision": 0.8064966674420937,
                "recall": 0.824,
                "f1-score": 0.8099507316024928,
                "support": 2000
            },
            "roc_auc": 0.8110236584812855,
            "score": 0.824
        }
    }
}
