{
    "eval_type": "synthetic",
    "dataset": "data/miniboone/",
    "metrics": {
        "train": {
            "0": {
                "precision": 0.8740435767215619,
                "recall": 0.9584420068914342,
                "f1-score": 0.9142992308096648,
                "support": 272222
            },
            "1": {
                "precision": 0.662217843067001,
                "recall": 0.3710227843019171,
                "f1-score": 0.47558700546799615,
                "support": 59778
            },
            "accuracy": 0.8526746987951808,
            "macro avg": {
                "precision": 0.7681307098942814,
                "recall": 0.6647323955966756,
                "f1-score": 0.6949431181388305,
                "support": 332000
            },
            "weighted avg": {
                "precision": 0.8359034601360127,
                "recall": 0.8526746987951808,
                "f1-score": 0.8353072446455857,
                "support": 332000
            },
            "roc_auc": 0.8382599236119453,
            "score": 0.8526746987951808
        },
        "val": {
            "0": {
                "precision": 0.7758769098343017,
                "recall": 0.9583361020665825,
                "f1-score": 0.8575081011980853,
                "support": 15049
            },
            "1": {
                "precision": 0.717948717948718,
                "recall": 0.27698715723707046,
                "f1-score": 0.3997495303694427,
                "support": 5762
            },
            "accuracy": 0.7696891067224064,
            "macro avg": {
                "precision": 0.7469128138915098,
                "recall": 0.6176616296518265,
                "f1-score": 0.6286288157837641,
                "support": 20811
            },
            "weighted avg": {
                "precision": 0.7598381687048636,
                "recall": 0.7696891067224064,
                "f1-score": 0.7307672004669988,
                "support": 20811
            },
            "roc_auc": 0.857883540171642,
            "score": 0.7696891067224064
        },
        "test": {
            "0": {
                "precision": 0.7681874758573329,
                "recall": 0.9565496232162899,
                "f1-score": 0.852082837419662,
                "support": 18711
            },
            "1": {
                "precision": 0.7004421518054532,
                "recall": 0.2603396329772665,
                "f1-score": 0.3795926517571885,
                "support": 7302
            },
            "accuracy": 0.7611194402798601,
            "macro avg": {
                "precision": 0.7343148138313931,
                "recall": 0.6084446280967781,
                "f1-score": 0.6158377445884252,
                "support": 26013
            },
            "weighted avg": {
                "precision": 0.7491709704090252,
                "recall": 0.7611194402798601,
                "f1-score": 0.7194521014143037,
                "support": 26013
            },
            "roc_auc": 0.8535735705232645,
            "score": 0.7611194402798601
        }
    }
}
