{
    "n_layers": 0.3770475732966775,
    "d_first": 0.27311943534255984,
    "lr_dp": 0.18316080746751567,
    "d_last": 0.16667218389324695
}
