{
    "eval_type": "synthetic",
    "dataset": "data/gesture/",
    "metrics": {
        "train": {
            "0": {
                "precision": 0.962990327780763,
                "recall": 0.9910825383658233,
                "f1-score": 0.9768345029638209,
                "support": 14466
            },
            "1": {
                "precision": 0.9776915615906887,
                "recall": 0.9658873131467995,
                "f1-score": 0.9717535910536971,
                "support": 5218
            },
            "2": {
                "precision": 0.9821345491765143,
                "recall": 0.9568488804278851,
                "f1-score": 0.9693268436036366,
                "support": 11031
            },
            "3": {
                "precision": 0.9819551506657324,
                "recall": 0.9792103424178896,
                "f1-score": 0.9805808257522743,
                "support": 5724
            },
            "4": {
                "precision": 0.9811637208102181,
                "recall": 0.9774436090225563,
                "f1-score": 0.9793001319898271,
                "support": 15561
            },
            "accuracy": 0.9759038461538462,
            "macro avg": {
                "precision": 0.9771870620047833,
                "recall": 0.9740945366761908,
                "f1-score": 0.9755591790726512,
                "support": 52000
            },
            "weighted avg": {
                "precision": 0.9760526693069483,
                "recall": 0.9759038461538462,
                "f1-score": 0.9758822417362357,
                "support": 52000
            },
            "score": 0.9759038461538462
        },
        "val": {
            "0": {
                "precision": 0.7468085106382979,
                "recall": 0.7995444191343963,
                "f1-score": 0.7722772277227724,
                "support": 439
            },
            "1": {
                "precision": 0.6532258064516129,
                "recall": 0.50625,
                "f1-score": 0.5704225352112676,
                "support": 160
            },
            "2": {
                "precision": 0.6402640264026402,
                "recall": 0.5791044776119403,
                "f1-score": 0.6081504702194357,
                "support": 335
            },
            "3": {
                "precision": 0.5572519083969466,
                "recall": 0.41954022988505746,
                "f1-score": 0.478688524590164,
                "support": 174
            },
            "4": {
                "precision": 0.6557971014492754,
                "recall": 0.7669491525423728,
                "f1-score": 0.70703125,
                "support": 472
            },
            "accuracy": 0.6715189873417722,
            "macro avg": {
                "precision": 0.6506694706677545,
                "recall": 0.6142776558347534,
                "f1-score": 0.6273140015487279,
                "support": 1580
            },
            "weighted avg": {
                "precision": 0.6666782139192924,
                "recall": 0.6715189873417722,
                "f1-score": 0.6652140945609489,
                "support": 1580
            },
            "score": 0.6715189873417722
        },
        "test": {
            "0": {
                "precision": 0.7638640429338104,
                "recall": 0.7791970802919708,
                "f1-score": 0.7714543812104787,
                "support": 548
            },
            "1": {
                "precision": 0.6013071895424836,
                "recall": 0.46,
                "f1-score": 0.5212464589235126,
                "support": 200
            },
            "2": {
                "precision": 0.583547557840617,
                "recall": 0.5404761904761904,
                "f1-score": 0.5611866501854141,
                "support": 420
            },
            "3": {
                "precision": 0.5103448275862069,
                "recall": 0.34101382488479265,
                "f1-score": 0.40883977900552493,
                "support": 217
            },
            "4": {
                "precision": 0.6255144032921811,
                "recall": 0.7728813559322034,
                "f1-score": 0.6914329037149356,
                "support": 590
            },
            "accuracy": 0.6460759493670886,
            "macro avg": {
                "precision": 0.6169156042390599,
                "recall": 0.5787136903170313,
                "f1-score": 0.5908320346079732,
                "support": 1975
            },
            "weighted avg": {
                "precision": 0.6398720168394317,
                "recall": 0.6460759493670886,
                "f1-score": 0.6376548511402176,
                "support": 1975
            },
            "score": 0.6460759493670886
        }
    }
}
