{
    "eval_type": "synthetic",
    "dataset": "data/miniboone/",
    "metrics": {
        "train": {
            "0": {
                "precision": 0.9778699433594354,
                "recall": 0.9815078015175874,
                "f1-score": 0.979685495342897,
                "support": 515028
            },
            "1": {
                "precision": 0.9352355565226852,
                "recall": 0.923207045619311,
                "f1-score": 0.9291823746402368,
                "support": 148972
            },
            "accuracy": 0.9684277108433735,
            "macro avg": {
                "precision": 0.9565527499410603,
                "recall": 0.9523574235684492,
                "f1-score": 0.9544339349915669,
                "support": 664000
            },
            "weighted avg": {
                "precision": 0.9683046875223206,
                "recall": 0.9684277108433735,
                "f1-score": 0.9683548464011548,
                "support": 664000
            },
            "roc_auc": 0.994699867845056,
            "score": 0.9684277108433735
        },
        "val": {
            "0": {
                "precision": 0.9512066115702479,
                "recall": 0.9560103661372849,
                "f1-score": 0.9536024391860541,
                "support": 15049
            },
            "1": {
                "precision": 0.8835736897643335,
                "recall": 0.8719194724054148,
                "f1-score": 0.877707896575821,
                "support": 5762
            },
            "accuracy": 0.932727884291961,
            "macro avg": {
                "precision": 0.9173901506672907,
                "recall": 0.9139649192713498,
                "f1-score": 0.9156551678809376,
                "support": 20811
            },
            "weighted avg": {
                "precision": 0.932480894620285,
                "recall": 0.932727884291961,
                "f1-score": 0.9325893040882615,
                "support": 20811
            },
            "roc_auc": 0.9771933954773542,
            "score": 0.932727884291961
        },
        "test": {
            "0": {
                "precision": 0.9460102585796626,
                "recall": 0.9561220672331784,
                "f1-score": 0.9510392855244271,
                "support": 18711
            },
            "1": {
                "precision": 0.8843987609124191,
                "recall": 0.8601752944398795,
                "f1-score": 0.8721188558733686,
                "support": 7302
            },
            "accuracy": 0.9291892515280821,
            "macro avg": {
                "precision": 0.9152045097460408,
                "recall": 0.9081486808365289,
                "f1-score": 0.9115790706988978,
                "support": 26013
            },
            "weighted avg": {
                "precision": 0.9287155537795161,
                "recall": 0.9291892515280821,
                "f1-score": 0.9288858631082494,
                "support": 26013
            },
            "roc_auc": 0.9775443156404232,
            "score": 0.9291892515280821
        }
    }
}
