{
    "eval_type": "synthetic",
    "dataset": "data/fb-comments/",
    "metrics": {
        "train": {
            "rmse": 2.58796715589692,
            "r2": 0.9611646438804672,
            "score": -2.58796715589692
        },
        "val": {
            "rmse": 5.672285718386745,
            "r2": 0.8058772579967912,
            "score": -5.672285718386745
        },
        "test": {
            "rmse": 5.816337695910083,
            "r2": 0.8043519872000814,
            "score": -5.816337695910083
        }
    }
}
