{
    "eval_type": "synthetic",
    "dataset": "data/diabetes/",
    "metrics": {
        "train": {
            "0": {
                "precision": 0.7458363504706734,
                "recall": 0.8505367464905037,
                "f1-score": 0.7947530864197531,
                "support": 1211
            },
            "1": {
                "precision": 0.7075928917609047,
                "recall": 0.5551330798479087,
                "f1-score": 0.6221590909090908,
                "support": 789
            },
            "accuracy": 0.734,
            "macro avg": {
                "precision": 0.7267146211157891,
                "recall": 0.7028349131692062,
                "f1-score": 0.708456088664422,
                "support": 2000
            },
            "weighted avg": {
                "precision": 0.7307493060096697,
                "recall": 0.734,
                "f1-score": 0.7266647551907969,
                "support": 2000
            },
            "roc_auc": 0.7969882121951398,
            "score": 0.734
        },
        "val": {
            "0": {
                "precision": 0.7741935483870968,
                "recall": 0.9,
                "f1-score": 0.8323699421965317,
                "support": 80
            },
            "1": {
                "precision": 0.7333333333333333,
                "recall": 0.5116279069767442,
                "f1-score": 0.6027397260273971,
                "support": 43
            },
            "accuracy": 0.7642276422764228,
            "macro avg": {
                "precision": 0.753763440860215,
                "recall": 0.7058139534883721,
                "f1-score": 0.7175548341119644,
                "support": 123
            },
            "weighted avg": {
                "precision": 0.7599090829617974,
                "recall": 0.7642276422764228,
                "f1-score": 0.7520927121536635,
                "support": 123
            },
            "roc_auc": 0.801889534883721,
            "score": 0.7642276422764228
        },
        "test": {
            "0": {
                "precision": 0.7850467289719626,
                "recall": 0.84,
                "f1-score": 0.8115942028985507,
                "support": 100
            },
            "1": {
                "precision": 0.6595744680851063,
                "recall": 0.5740740740740741,
                "f1-score": 0.613861386138614,
                "support": 54
            },
            "accuracy": 0.7467532467532467,
            "macro avg": {
                "precision": 0.7223105985285345,
                "recall": 0.707037037037037,
                "f1-score": 0.7127277945185824,
                "support": 154
            },
            "weighted avg": {
                "precision": 0.7410499621674805,
                "recall": 0.7467532467532467,
                "f1-score": 0.7422593190996117,
                "support": 154
            },
            "roc_auc": 0.8362037037037037,
            "score": 0.7467532467532467
        }
    }
}
