{
    "eval_type": "synthetic",
    "dataset": "data/adult/",
    "metrics": {
        "train": {
            "0": {
                "precision": 0.8875831062197302,
                "recall": 0.9360137662543706,
                "f1-score": 0.9111553311553312,
                "support": 163879
            },
            "1": {
                "precision": 0.7571504666620348,
                "recall": 0.6272519713743021,
                "f1-score": 0.6861070304302204,
                "support": 52121
            },
            "accuracy": 0.8615092592592593,
            "macro avg": {
                "precision": 0.8223667864408826,
                "recall": 0.7816328688143364,
                "f1-score": 0.7986311807927757,
                "support": 216000
            },
            "weighted avg": {
                "precision": 0.8561095895234958,
                "recall": 0.8615092592592593,
                "f1-score": 0.8568509678123056,
                "support": 216000
            },
            "roc_auc": 0.9182922768856556,
            "score": 0.8615092592592593
        },
        "val": {
            "0": {
                "precision": 0.8933488462284274,
                "recall": 0.9316481294236603,
                "f1-score": 0.9120966145317759,
                "support": 4945
            },
            "1": {
                "precision": 0.7507374631268436,
                "recall": 0.6492346938775511,
                "f1-score": 0.6963064295485636,
                "support": 1568
            },
            "accuracy": 0.8636573007830493,
            "macro avg": {
                "precision": 0.8220431546776354,
                "recall": 0.7904414116506057,
                "f1-score": 0.8042015220401697,
                "support": 6513
            },
            "weighted avg": {
                "precision": 0.8590152597547158,
                "recall": 0.8636573007830493,
                "f1-score": 0.8601452848751387,
                "support": 6513
            },
            "roc_auc": 0.9183619946967664,
            "score": 0.8636573007830493
        },
        "test": {
            "0": {
                "precision": 0.8937354988399072,
                "recall": 0.9293124246079614,
                "f1-score": 0.9111768184506209,
                "support": 12435
            },
            "1": {
                "precision": 0.7376902417188899,
                "recall": 0.6427457098283932,
                "f1-score": 0.6869528970404335,
                "support": 3846
            },
            "accuracy": 0.8616178367422148,
            "macro avg": {
                "precision": 0.8157128702793985,
                "recall": 0.7860290672181773,
                "f1-score": 0.7990648577455273,
                "support": 16281
            },
            "weighted avg": {
                "precision": 0.8568735088584912,
                "recall": 0.8616178367422148,
                "f1-score": 0.8582092364996609,
                "support": 16281
            },
            "roc_auc": 0.9148415232950291,
            "score": 0.8616178367422148
        }
    }
}
