{
    "eval_type": "synthetic",
    "dataset": "data/fb-comments/",
    "metrics": {
        "train": {
            "rmse": 5.808417059581438,
            "r2": 0.7624738767750169,
            "score": -5.808417059581438
        },
        "val": {
            "rmse": 7.261987177651468,
            "r2": 0.681821235382079,
            "score": -7.261987177651468
        },
        "test": {
            "rmse": 7.3412938463654855,
            "r2": 0.6883110174657903,
            "score": -7.3412938463654855
        }
    }
}
