{
    "eval_type": "synthetic",
    "dataset": "data/king/",
    "metrics": {
        "train": {
            "rmse": 3066242.705741471,
            "r2": 0.06861924269864428,
            "score": -3066242.705741471
        },
        "val": {
            "rmse": 1763805.1125707394,
            "r2": -24.548928490460625,
            "score": -1763805.1125707394
        },
        "test": {
            "rmse": 1769630.1574256967,
            "r2": -24.351957453804346,
            "score": -1769630.1574256967
        }
    }
}
