{
    "eval_type": "synthetic",
    "dataset": "data/insurance/",
    "metrics": {
        "train": {
            "rmse": 13997.52227679424,
            "r2": 0.19128439241014672,
            "score": -13997.52227679424
        },
        "val": {
            "rmse": 9250.690231836777,
            "r2": 0.36314373351899976,
            "score": -9250.690231836777
        },
        "test": {
            "rmse": 8613.666815632649,
            "r2": 0.3885921514407428,
            "score": -8613.666815632649
        }
    }
}
