{
    "eval_type": "synthetic",
    "dataset": "data/california/",
    "metrics": {
        "train": {
            "rmse": 0.2222162978780089,
            "r2": 0.9628620988295147,
            "score": -0.2222162978780089
        },
        "val": {
            "rmse": 0.462736391196065,
            "r2": 0.8357773016988989,
            "score": -0.462736391196065
        },
        "test": {
            "rmse": 0.4568518782547982,
            "r2": 0.8399379798322106,
            "score": -0.4568518782547982
        }
    }
}
