{
    "eval_type": "synthetic",
    "dataset": "data/house/",
    "metrics": {
        "train": {
            "rmse": 30078.686886293173,
            "r2": 0.9697136710485363,
            "score": -30078.686886293173
        },
        "val": {
            "rmse": 35922.51156546001,
            "r2": 0.5669681064442782,
            "score": -35922.51156546001
        },
        "test": {
            "rmse": 38069.415883720474,
            "r2": 0.49798091269609845,
            "score": -38069.415883720474
        }
    }
}
