{
    "eval_type": "synthetic",
    "dataset": "data/insurance/",
    "metrics": {
        "train": {
            "rmse": 5873.409291682063,
            "r2": 0.9380129814910111,
            "score": -5873.409291682063
        },
        "val": {
            "rmse": 5708.059193836302,
            "r2": 0.7575232591452719,
            "score": -5708.059193836302
        },
        "test": {
            "rmse": 5779.6655050346335,
            "r2": 0.7247291138836579,
            "score": -5779.6655050346335
        }
    }
}
