{
    "eval_type": "synthetic",
    "dataset": "data/wilt/",
    "metrics": {
        "train": {
            "0": {
                "precision": 0.9920575202742246,
                "recall": 0.9995788054923764,
                "f1-score": 0.9958039610607586,
                "support": 11871
            },
            "1": {
                "precision": 0.9886104783599089,
                "recall": 0.8204158790170132,
                "f1-score": 0.8966942148760331,
                "support": 529
            },
            "accuracy": 0.9919354838709677,
            "macro avg": {
                "precision": 0.9903339993170668,
                "recall": 0.9099973422546948,
                "f1-score": 0.9462490879683958,
                "support": 12400
            },
            "weighted avg": {
                "precision": 0.9919104650183639,
                "recall": 0.9919354838709677,
                "f1-score": 0.9915758114049749,
                "support": 12400
            },
            "roc_auc": 0.9977105809315292,
            "score": 0.9919354838709677
        },
        "val": {
            "0": {
                "precision": 0.9825268817204301,
                "recall": 0.9972714870395635,
                "f1-score": 0.989844278943805,
                "support": 733
            },
            "1": {
                "precision": 0.9354838709677419,
                "recall": 0.6904761904761905,
                "f1-score": 0.7945205479452055,
                "support": 42
            },
            "accuracy": 0.9806451612903225,
            "macro avg": {
                "precision": 0.959005376344086,
                "recall": 0.843873838757877,
                "f1-score": 0.8921824134445053,
                "support": 775
            },
            "weighted avg": {
                "precision": 0.9799774540409296,
                "recall": 0.9806451612903225,
                "f1-score": 0.979258992876784,
                "support": 775
            },
            "roc_auc": 0.9931787175989085,
            "score": 0.9806451612903225
        },
        "test": {
            "0": {
                "precision": 0.9827586206896551,
                "recall": 0.9956331877729258,
                "f1-score": 0.9891540130151844,
                "support": 916
            },
            "1": {
                "precision": 0.9,
                "recall": 0.6923076923076923,
                "f1-score": 0.7826086956521738,
                "support": 52
            },
            "accuracy": 0.9793388429752066,
            "macro avg": {
                "precision": 0.9413793103448276,
                "recall": 0.843970440040309,
                "f1-score": 0.8858813543336791,
                "support": 968
            },
            "weighted avg": {
                "precision": 0.9783129096608719,
                "recall": 0.9793388429752066,
                "f1-score": 0.9780586034047746,
                "support": 968
            },
            "roc_auc": 0.9815670137722539,
            "score": 0.9793388429752066
        }
    }
}
