{
    "eval_type": "synthetic",
    "dataset": "data/house/",
    "metrics": {
        "train": {
            "rmse": 95947.74430548515,
            "r2": 0.8444249833421913,
            "score": -95947.74430548515
        },
        "val": {
            "rmse": 47172.538572780686,
            "r2": 0.2532675239173148,
            "score": -47172.538572780686
        },
        "test": {
            "rmse": 46053.47260090189,
            "r2": 0.26532947763784864,
            "score": -46053.47260090189
        }
    }
}
