{
    "eval_type": "synthetic",
    "dataset": "data/buddy/",
    "metrics": {
        "train": {
            "0": {
                "precision": 0.9750087077673285,
                "recall": 0.9719618055555556,
                "f1-score": 0.9734828725439054,
                "support": 11520
            },
            "1": {
                "precision": 0.9684328149734612,
                "recall": 0.9723261032161555,
                "f1-score": 0.9703755540004665,
                "support": 10696
            },
            "2": {
                "precision": 0.9952203929899097,
                "recall": 0.9915343915343915,
                "f1-score": 0.9933739729658098,
                "support": 1890
            },
            "accuracy": 0.9736580104538289,
            "macro avg": {
                "precision": 0.9795539719102332,
                "recall": 0.9786074334353675,
                "f1-score": 0.9790774665033939,
                "support": 24106
            },
            "weighted avg": {
                "precision": 0.9736756096070145,
                "recall": 0.9736580104538289,
                "f1-score": 0.9736636698830232,
                "support": 24106
            },
            "score": 0.9736580104538289
        },
        "val": {
            "0": {
                "precision": 0.9083215796897038,
                "recall": 0.8944444444444445,
                "f1-score": 0.9013296011196642,
                "support": 1440
            },
            "1": {
                "precision": 0.875366568914956,
                "recall": 0.8930441286462228,
                "f1-score": 0.8841169937060348,
                "support": 1337
            },
            "2": {
                "precision": 0.9439655172413793,
                "recall": 0.9240506329113924,
                "f1-score": 0.9339019189765457,
                "support": 237
            },
            "accuracy": 0.8961512939615129,
            "macro avg": {
                "precision": 0.9092178886153465,
                "recall": 0.9038464020006867,
                "f1-score": 0.9064495046007482,
                "support": 3014
            },
            "weighted avg": {
                "precision": 0.8965056419969066,
                "recall": 0.8961512939615129,
                "f1-score": 0.8962554084255894,
                "support": 3014
            },
            "score": 0.8961512939615129
        },
        "test": {
            "0": {
                "precision": 0.9003378378378378,
                "recall": 0.8883333333333333,
                "f1-score": 0.8942953020134229,
                "support": 1800
            },
            "1": {
                "precision": 0.8673771462403789,
                "recall": 0.8761961722488039,
                "f1-score": 0.8717643558464743,
                "support": 1672
            },
            "2": {
                "precision": 0.9006622516556292,
                "recall": 0.9220338983050848,
                "f1-score": 0.9112227805695142,
                "support": 295
            },
            "accuracy": 0.8855853464295195,
            "macro avg": {
                "precision": 0.8894590785779486,
                "recall": 0.895521134629074,
                "f1-score": 0.8924274794764705,
                "support": 3767
            },
            "weighted avg": {
                "precision": 0.8857334910699316,
                "recall": 0.8855853464295195,
                "f1-score": 0.885620458419823,
                "support": 3767
            },
            "score": 0.8855853464295195
        }
    }
}
