{
    "eval_type": "synthetic",
    "dataset": "data/miniboone/",
    "metrics": {
        "train": {
            "0": {
                "precision": 0.9979402397686377,
                "recall": 0.9974625867402391,
                "f1-score": 0.9977013560849255,
                "support": 478440
            },
            "1": {
                "precision": 0.9935325423927462,
                "recall": 0.9947461062513335,
                "f1-score": 0.9941389539672005,
                "support": 187480
            },
            "accuracy": 0.9966978015377222,
            "macro avg": {
                "precision": 0.995736391080692,
                "recall": 0.9961043464957864,
                "f1-score": 0.995920155026063,
                "support": 665920
            },
            "weighted avg": {
                "precision": 0.9966993172794014,
                "recall": 0.9966978015377222,
                "f1-score": 0.9966984140663181,
                "support": 665920
            },
            "roc_auc": 0.9998680169002605,
            "score": 0.9966978015377222
        },
        "val": {
            "0": {
                "precision": 0.9645257903494177,
                "recall": 0.9629875739251778,
                "f1-score": 0.9637560683647004,
                "support": 15049
            },
            "1": {
                "precision": 0.9037331489802972,
                "recall": 0.907497396737244,
                "f1-score": 0.9056113612746796,
                "support": 5762
            },
            "accuracy": 0.9476238527701696,
            "macro avg": {
                "precision": 0.9341294696648574,
                "recall": 0.9352424853312109,
                "f1-score": 0.93468371481969,
                "support": 20811
            },
            "weighted avg": {
                "precision": 0.9476939610491018,
                "recall": 0.9476238527701696,
                "f1-score": 0.947657380062711,
                "support": 20811
            },
            "roc_auc": 0.9859749139736033,
            "score": 0.9476238527701696
        },
        "test": {
            "0": {
                "precision": 0.962011771000535,
                "recall": 0.9609320720431832,
                "f1-score": 0.961471618405925,
                "support": 18711
            },
            "1": {
                "precision": 0.9001775228731395,
                "recall": 0.9027663653793482,
                "f1-score": 0.9014700854700856,
                "support": 7302
            },
            "accuracy": 0.9446046207665398,
            "macro avg": {
                "precision": 0.9310946469368373,
                "recall": 0.9318492187112657,
                "f1-score": 0.9314708519380053,
                "support": 26013
            },
            "weighted avg": {
                "precision": 0.9446545388540604,
                "recall": 0.9446046207665398,
                "f1-score": 0.9446288400452015,
                "support": 26013
            },
            "roc_auc": 0.9849451123835615,
            "score": 0.9446046207665398
        }
    }
}
