{
    "eval_type": "synthetic",
    "dataset": "data/california/",
    "metrics": {
        "train": {
            "rmse": 0.37730245493011416,
            "r2": 0.9218035184150355,
            "score": -0.37730245493011416
        },
        "val": {
            "rmse": 0.587487005538181,
            "r2": 0.7352948862609234,
            "score": -0.587487005538181
        },
        "test": {
            "rmse": 0.6072220589893997,
            "r2": 0.7172305329915125,
            "score": -0.6072220589893997
        }
    }
}
