{
    "eval_type": "synthetic",
    "dataset": "data/fb-comments/",
    "metrics": {
        "train": {
            "rmse": 20.13584134773701,
            "r2": 0.5408050414591459,
            "score": -20.13584134773701
        },
        "val": {
            "rmse": 8.971312561058745,
            "r2": 0.5144072600986567,
            "score": -8.971312561058745
        },
        "test": {
            "rmse": 9.156230409401607,
            "r2": 0.5151475227958735,
            "score": -9.156230409401607
        }
    }
}
